{
	"format_version": "1.8.0",
	"animations": {
		"animation.op.d_axe.activate_main": {
			"loop": true,
			"animation_length": 2.5,
			"bones": {
				"movement": {
					"rotation": {
						"0.0": [0, 0, 0],
						"0.375": [9.37955, -17.73927, -31.14533],
						"0.5": [18.71331, -34.63277, -20.37044],
						"0.625": [26.70689, -52.54136, -13.56544],
						"0.75": [7.90219, -55.93611, 25.47432],
						"0.875": [7.78811, -52.44124, 48.70347],
						"1.125": [-6.59557, 9.54308, 53.25108],
						"1.25": [-11.24114, 18.06379, 36.68877],
						"1.375": [-21.54603, 1.53713, 4.99069],
						"1.4583": [9.77151, -4.83062, -74.04483],
						"1.5417": [6.87171, -18.03675, -67.73372],
						"1.625": [10.38683, -9.27717, -76.8885],
						"1.75": [7.26182, 1.5235, -74.77859],
						"2.0": [-0.00658, -1.5893, -43.51705],
						"2.2083": [0, 0, 0]
					},
					"position": {
						"0.0": [0, 0, 0],
						"0.375": [5.3, 2.5, 2.65],
						"0.5": [-0.7, 6.5, 0.65],
						"0.625": [-3.9, 11.3, -2.75],
						"0.75": [-2.9, 18.3, -2.75],
						"0.875": [1.5, 22.2, -1.05],
						"1.125": [4, 20.9, 1.25],
						"1.25": [4, 19.2, 0.05],
						"1.375": [-4, 17.2, -2.65],
						"1.4583": [4, 12.2, -3.55],
						"1.5417": [4, 9.1, -3.55],
						"1.625": [4, 11.2, -1.55],
						"1.75": [4, 11.2, -1.55],
						"2.0": [8, 4.7, -0.05],
						"2.2083": [0, 0, 0]
					}
				}
			}
		},
		"animation.op.d_axe.activate_detail": {
			"loop": true,
			"animation_length": 1.5,
			"bones": {
				"head_front": {
					"scale": {
						"0.0": [1, 1, 1],
						"0.6": [1, 0.3, 1],
						"0.9": [1, 0.3, 1],
						"1.5": [1, 1, 1]
					}
				}
			}
		}
	}
}