{
	"format_version": "1.8.0",
	"animations": {
		"animation.op.n_staff.activate_main": {
			"loop": true,
			"animation_length": 1.625,
			"bones": {
				"movement": {
					"rotation": {
						"0.0": [0, 0, 0],
						"0.125": [38.6654, -6.44616, 25.85763],
						"0.25": [74.73401, 1.48021, 57.16539],
						"0.3333": [74.73401, 1.48021, 57.16539],
						"0.4167": [76.48085, -1.92289, 57.98338],
						"0.4583": [75.48939, 0.03124, 57.55402],
						"0.5": [76.48085, -1.92289, 57.98338],
						"0.6667": [71.96556, 2.89826, 56.6772],
						"0.75": [74.25435, 0.80226, 61.20098],
						"0.875": [74.25188, 1.28349, 61.06527],
						"1.0417": [37.62927, 0.33132, 30.92462],
						"1.2083": [0, 0, 0]
					},
					"position": {
						"0.0": [0, 0, 0],
						"0.125": [-4, 4.5, 11.25],
						"0.25": [0.5, 13.5, 17.25],
						"0.3333": [0.5, 13.5, 17.25],
						"0.4167": [0.5, 14.1, 17.25],
						"0.4583": [0.5, 13.675, 16.45],
						"0.5": [0.5, 14.1, 17.25],
						"0.6667": [-0.95, 12.78, 16.925],
						"0.75": [-0.95, 13.78, 16.92],
						"0.875": [-0.95, 13.655, 16.92],
						"1.0417": [-5.195, 4.83, 10.61],
						"1.2083": [0, 0, 0]
					}
				}
			}
		}
	}
}