{
	"format_version": "1.8.0",
	"animations": {
		"animation.op.r_gauntlets.activate_main": {
			"loop": true,
			"animation_length": 1.20833,
			"bones": {
				"movement": {
					"rotation": {
						"0.0": [0, 0, 0],
						"0.125": [-13.86664, 1.92942, 35.10338],
						"0.2917": [15, 0, 122.5],
						"0.375": [-18.35123, -4.36417, 2.12069],
						"0.4167": [-10.90255, -9.40894, -0.453],
						"0.4583": [-13.40255, -9.40894, -0.453],
						"0.5": [-10.90255, -9.40894, -0.453],
						"0.6667": [-10.90255, -9.40894, -0.453],
						"0.9583": [0, 0, 0]
					},
					"position": {
						"0.0": [0, 0, 0],
						"0.125": [3.93, -5.5, -0.97],
						"0.2917": [1, -11.9, -6.7],
						"0.375": [2.2, 3.5, -1.6],
						"0.4167": [-2.2, 7.4, -3],
						"0.4583": [-2.2, 7.4, -2.1],
						"0.5": [-2.2, 7.4, -3],
						"0.6667": [-2.2, 7.4, -3],
						"0.9583": [0, 0, 0]
					}
				}
			}
		},
		"animation.op.r_gauntlets.activate_detail": {
			"loop": true,
			"animation_length": 1.20833,
			"bones": {
				"wrist2": {
					"rotation": {
						"0.0": [0, 0, 0],
						"0.2917": [0, 0, -80],
						"0.4167": [0, 0, 2.5],
						"0.6667": [0, 0, 2.5],
						"0.9583": [0, 0, 0]
					}
				},
				"thumb_2": {
					"rotation": {
						"0.0": [0, 0, 0],
						"0.2917": [-49.71308, 0.37038, 30.21065],
						"0.6667": [-49.71308, 0.37038, 30.21065],
						"0.9583": [0, 0, 0]
					}
				},
				"thumb_3": {
					"rotation": {
						"0.0": [0, 0, 0],
						"0.2917": [0, 0, 35],
						"0.6667": [0, 0, 35],
						"0.9583": [0, 0, 0]
					}
				},
				"finger_8": {
					"rotation": {
						"0.0": [0, 0, 0],
						"0.2917": [-55, 0, 0],
						"0.6667": [-55, 0, 0],
						"0.9583": [0, 0, 0]
					}
				},
				"finger_9": {
					"rotation": {
						"0.0": [0, 0, 0],
						"0.2917": [-50, 0, 0],
						"0.6667": [-50, 0, 0],
						"0.9583": [0, 0, 0]
					}
				},
				"finger_10": {
					"rotation": {
						"0.0": [0, 0, 0],
						"0.2917": [-52.5, 0, 0],
						"0.6667": [-52.5, 0, 0],
						"0.9583": [0, 0, 0]
					}
				},
				"finger_11": {
					"rotation": {
						"0.0": [0, 0, 0],
						"0.2917": [-52.5, 0, 0],
						"0.6667": [-52.5, 0, 0],
						"0.9583": [0, 0, 0]
					}
				},
				"finger_12": {
					"rotation": {
						"0.0": [0, 0, 0],
						"0.2917": [-65, 0, 0],
						"0.6667": [-65, 0, 0],
						"0.9583": [0, 0, 0]
					}
				},
				"finger_13": {
					"rotation": {
						"0.0": [0, 0, 0],
						"0.2917": [-45, 0, 0],
						"0.6667": [-45, 0, 0],
						"0.9583": [0, 0, 0]
					}
				},
				"finger_14": {
					"rotation": {
						"0.0": [0, 0, 0],
						"0.2917": [-29.44882, 28.13767, -16.70995],
						"0.6667": [-29.44882, 28.13767, -16.70995],
						"0.9583": [0, 0, 0]
					}
				},
				"finger_15": {
					"rotation": {
						"0.0": [0, 0, 0],
						"0.2917": [-80.12007, 7.1519, -2.26306],
						"0.6667": [-80.12007, 7.1519, -2.26306],
						"0.9583": [0, 0, 0]
					}
				}
			}
		}
	}
}