{
	"format_version": "1.8.0",
	"animations": {
		"animation.op.dk_knights.activate_main": {
			"loop": true,
			"animation_length": 1.5,
			"bones": {
				"bone": {
					"rotation": {
						"0.0": [0, 0, 0],
						"0.125": [-7.90024, -4.01947, -8.4356],
						"0.25": [-14.20576, -7.22524, -20.57778],
						"0.375": [-41.94475, -9.08833, -18.89367],
						"0.5": [-65.73117, -11.90483, -15.65881],
						"0.7083": [-23.73558, -16.49121, -13.60416],
						"0.9167": [-13.20413, -14.40922, -15.72137],
						"1.0833": [-14.70413, -14.40922, -15.72137],
						"1.2083": [-13.20413, -14.40922, -15.72137]
					},
					"position": {
						"0.0": [0, 0, 0],
						"0.125": [1.6, 0.65, -3.4],
						"0.25": [3.85, 1.65, -7.15],
						"0.375": [2.05, 11.05, -13.15],
						"0.5": [-1.05, 22.225, -7.975],
						"0.7083": [-1.45, 23.62, -1.57],
						"0.9167": [-1.45, 23.12, -5.495]
					}
				}
			}
		},
		"animation.op.dk_knights.activate_detail": {
			"loop": true,
			"animation_length": 2.1,
			"bones": {
                "skull": {
                    "position": {
                        "0.0": [0, 0, 0],
                        "0.1": [0, 2, 0],
                        "0.2": [0, 0, 0],
                        "0.3": [0, 2, 0],
                        "0.4": [0, 0, 0],
                        "0.5": [0, 2, 0],
                        "0.6": [0, 0, 0],
                        "0.7": [0, 2, 0],
                        "0.8": [0, 0, 0],
                        "0.9": [0, 2, 0],
                        "1.0": [0, 0, 0],
                        "1.1": [0, 2, 0],
                        "1.2": [0, 0, 0],
                        "1.3": [0, 2, 0],
                        "1.4": [0, 0, 0],
                        "1.5": [0, 2, 0],
                        "1.6": [0, 0, 0],
                        "1.7": [0, 2, 0],
                        "1.8": [0, 0, 0],
                        "1.9": [0, 2, 0],
                        "2.0": [0, 0, 0]
                    }
                },
				"lower_jaw": {
                    "position": {
                        "0.0": [0, 0, 0],
                        "0.25": [0, -2, 0],
                        "0.50": [0, 0, 0],
                        "0.75": [0, -2, 0],
                        "1.0": [0, 0, 0],
                        "1.25": [0, -2, 0],
                        "1.5": [0, 0, 0],
                        "1.75": [0, -2, 0],
                        "2.0": [0, 0, 0]
                    },
                    "rotation":{
                        "0.0": [0, 0, 0],
                        "1.0": [0, 0, 0],
                        "1.25": [0, 0, 5],
                        "1.6": [0, 0, -2],
                        "2.0": [0, 0, 0]
                    }
				}
			}
		}
	}
}