{
	"format_version": "1.8.0",
	"animations": {
		"animation.op.p_swamp.activate_main": {
			"loop": true,
			"animation_length": 2.375,
			"bones": {
				"movement": {
					"rotation": {
						"0.0": [0, 0, 0],
						"0.1667": [-2.97416, 7.48966, 0.39477],
						"0.375": [2.42422, 14.97888, -1.93092],
						"0.5833": [-3.00089, -27.914, 6.6326],
						"0.6667": [-25.0132, -38.60715, 20.25734],
						"0.75": [-53.02551, -49.30029, 33.88208],
						"0.875": [-47.15368, -37.37127, -5.12784],
						"0.9583": [-67.04515, -39.47638, -13.51446],
						"1.1667": [-98.65297, 16.3399, -46.1018],
						"1.25": [-97.11606, 28.32138, -47.6071],
						"1.375": [-80.53345, 47.76646, -35.72346],
						"1.4583": [-66.14048, 21.5478, -23.63449],
						"1.5833": [-32.15191, 0.81313, -27.0367],
						"1.7083": [7.52203, 18.09581, 15.28581],
						"1.8333": [9.48785, 5.38722, 14.12516],
						"1.9583": [17.43745, 1.50179, -4.76968],
						"2.125": [0, 0, 5],
						"2.25": [0, 0, 0]
					},
					"position": {
						"0.0": [0, 0, 0],
						"0.1667": [-0.7, -2, 0.4],
						"0.375": [-1.4, -0.5, 1.6],
						"0.5": [1.2, 2.17, -2.2],
						"0.5833": [3.6, 3.95, -3.15],
						"0.6667": [5.85, 7.59, -0.95],
						"0.75": [6.1, 10.025, 2.25],
						"0.875": [1.78, 11.22, 6.31],
						"0.9583": [0.225, 10.355, 10.35],
						"1.1667": [-1.77, 9.76, 10.65],
						"1.25": [-2.77, 8.9, 6.7],
						"1.375": [-3.27, 5.36, 0.775],
						"1.4583": [-1.06, 4.14, -0.48],
						"1.5833": [0.255, 0.31, 0.13],
						"1.7083": [-0.87, -0.64, 1.06],
						"1.8333": [0, 0, 0],
						"2.125": [0, 0, 0]
					}
				}
			}
		},
		"animation.op.p_swamp.activate_detail": {
			"loop": true,
			"animation_length": 2.375,
			"bones": {
				"2": {
					"rotation": {
						"0.0": [0, 0, 0],
						"0.375": [-7.5, 0, -10],
						"0.5833": [-7.15656, 2.24944, 7.35932],
						"0.75": [5.65168, 1.28898, 17.31796],
						"0.9583": [13.15168, 1.28898, 17.31796],
						"1.1667": [33.5513, 24.47708, -13.17715],
						"1.375": [-14.65013, 22.78069, -21.15283],
						"1.5833": [-30.90686, 10.58927, 17.06488],
						"1.7083": [-6.97028, -14.36495, -23.70348],
						"1.9583": [-13.93574, -7.80486, 11.37239],
						"2.125": [0, 0, 0]
					}
				},
				"3": {
					"rotation": {
						"0.0": [0, 0, 0],
						"0.375": [0, 0, 7.5],
						"0.5833": [0, 0, -12.5],
						"0.9583": [7.67995, -12.39135, -14.1575],
						"1.1667": [14.64337, -15.88472, -1.77695],
						"1.375": [-14.71317, -21.20124, -19.37831],
						"1.4583": [-24.86985, -11.11422, 5.82153],
						"1.5833": [-28.68042, -9.96021, 4.37419],
						"1.7083": [-28.62363, -18.12711, -15.18999],
						"1.9583": [-15.61389, -5.13871, 6.67774],
						"2.125": [-14.52088, -7.74455, -3.03913],
						"2.25": [0, 0, 0]
					}
				},
				"4": {
					"rotation": {
						"0.0": [0, 0, 0],
						"0.375": [0, 0, 7.5],
						"0.5833": [0, 0, 15],
						"0.9583": [10.34006, -14.54272, 16.63407],
						"1.1667": [14.64337, -15.88472, -1.77695],
						"1.375": [43.31973, -14.91585, -44.8665],
						"1.4583": [26.23, -19.05, -15.11],
						"1.5833": [-6.40377, -24.49196, 46.05226],
						"1.7083": [-28.59762, -17.39634, 55.70712],
						"1.875": [-2.24773, -22.94359, -15.58663],
						"2.0417": [-8.39827, -9.70313, 26.91538],
						"2.25": [0, 0, 0]
					}
				},
				"5": {
					"rotation": {
						"0.0": [0, 0, 0],
						"0.2083": [2.6541, 0.58594, -1.20316],
						"0.5833": [7.26039, 2.28186, -17.35521],
						"0.9583": [12.5, 0, 0],
						"1.375": [-25.92482, 4.75113, -22.01816],
						"1.5": [-24.95149, -7.71779, -47.5937],
						"1.5833": [-11.06215, 1.11464, -44.91368],
						"1.6667": [-18.10078, 12.16824, 2.9002],
						"1.7917": [-21.95129, 10.415, 0.24898],
						"1.9583": [0, 0, -27.5],
						"2.125": [17.5, 0, 9.72222],
						"2.3333": [0, 0, 0]
					}
				}
			}
		}
	}
}