{
	"format_version": "1.8.0",
	"animations": {
		"animation.op.p_bow.idle_main": {
			"loop": true,
			"animation_length": 3,
			"bones": {
				"movement": {
					"rotation": {
						"0.0": [0, 0, -25],
						"0.75": [0, 3, -22.5],
						"2.1667": [-4.17539, 2.75043, -25.9955],
						"3.0": [0, 0, -25]
					},
					"position": {
						"0.0": [0, 0, 0],
						"0.75": [0.175, -0.75, 0.2],
						"2.1667": [0.18, -1.35, 0.7],
						"3.0": [0, 0, 0]
					}
				}
			}
		},
		"animation.op.p_bow.idle_detail": {
			"loop": true,
			"animation_length": 3,
			"bones": {
				"bubble_19": {
					"scale": {
						"0.0": [1, 1, 1],
						"0.6667": [1.4, 1.4, 1.4],
						"0.7083": [0, 0, 0],
						"1.0": [0, 0, 0],
						"1.5833": [1, 1, 1],
						"2.25": [1.4, 1.4, 1.4],
						"2.2917": [0, 0, 0],
						"2.5833": [0, 0, 0],
						"3.0": [1, 1, 1]
					}
				},
				"bubble_18": {
					"scale": {
						"0.0": [1, 1, 1],
						"0.5833": [1.4, 1.4, 1.4],
						"0.625": [0, 0, 0],
						"0.9167": [0, 0, 0],
						"1.2917": [1, 1, 1],
						"2.0417": [1.4, 1.4, 1.4],
						"2.0833": [0, 0, 0],
						"2.625": [0, 0, 0],
						"3.0": [1, 1, 1]
					}
				},
				"bubble_17": {
					"scale": {
						"0.0": [1, 1, 1],
						"0.4167": [1.4, 1.4, 1.4],
						"0.4583": [0, 0, 0],
						"0.75": [0, 0, 0],
						"1.3333": [1, 1, 1],
						"2.2083": [1.4, 1.4, 1.4],
						"2.25": [0, 0, 0],
						"2.5417": [0, 0, 0],
						"3.0": [1, 1, 1]
					}
				},
				"bubble_16": {
					"scale": {
						"0.0": [1, 1, 1],
						"0.4167": [1.4, 1.4, 1.4],
						"0.4583": [0, 0, 0],
						"0.75": [0, 0, 0],
						"1.25": [1, 1, 1],
						"1.9167": [1.4, 1.4, 1.4],
						"1.9583": [0, 0, 0],
						"2.25": [0, 0, 0],
						"3.0": [1, 1, 1]
					}
				},
				"bubble_15": {
					"scale": {
						"0.0": [1, 1, 1],
						"0.25": [1.4, 1.4, 1.4],
						"0.2917": [0, 0, 0],
						"0.5833": [0, 0, 0],
						"0.8333": [1, 1, 1],
						"1.1667": [1.4, 1.4, 1.4],
						"1.2083": [0, 0, 0],
						"1.5": [0, 0, 0],
						"1.875": [1, 1, 1],
						"2.2917": [1.4, 1.4, 1.4],
						"2.3333": [0, 0, 0],
						"2.625": [0, 0, 0],
						"3.0": [1, 1, 1]
					}
				},
				"bubble_14": {
					"scale": {
						"0.0": [1.4, 1.4, 1.4],
						"0.0417": [0, 0, 0],
						"0.3333": [0, 0, 0],
						"0.5833": [1, 1, 1],
						"1.0": [1.4, 1.4, 1.4],
						"1.3333": [1.4, 1.4, 1.4],
						"1.375": [0, 0, 0],
						"1.6667": [0, 0, 0],
						"2.0417": [1, 1, 1],
						"2.375": [1.4, 1.4, 1.4],
						"2.4167": [0, 0, 0],
						"2.7083": [0, 0, 0],
						"3.0": [1.4, 1.4, 1.4]
					}
				},
				"bubble_13": {
					"scale": {
						"0.0": [1, 1, 1],
						"0.625": [1, 1, 1],
						"1.0417": [1.4, 1.4, 1.4],
						"1.0833": [0, 0, 0],
						"1.375": [0, 0, 0],
						"1.5833": [1, 1, 1],
						"2.0": [1.4, 1.4, 1.4],
						"2.0417": [0, 0, 0],
						"2.3333": [0, 0, 0],
						"2.7083": [1, 1, 1]
					}
				},
				"bubble_12": {
					"scale": {
						"0.0": [1, 1, 1],
						"0.4167": [1.4, 1.4, 1.4],
						"0.4583": [0, 0, 0],
						"0.75": [0, 0, 0],
						"1.25": [1, 1, 1],
						"1.9167": [1.4, 1.4, 1.4],
						"1.9583": [0, 0, 0],
						"2.25": [0, 0, 0],
						"3.0": [1, 1, 1]
					}
				},
				"bubble_11": {
					"scale": {
						"0.0": [0, 0, 0],
						"0.4167": [1, 1, 1],
						"0.625": [1.4, 1.4, 1.4],
						"0.6667": [0, 0, 0],
						"0.9583": [0, 0, 0],
						"1.7083": [1.4, 1.4, 1.4],
						"1.75": [0, 0, 0],
						"2.0417": [0, 0, 0],
						"2.3333": [1, 1, 1],
						"2.6667": [1.4, 1.4, 1.4],
						"2.7083": [0, 0, 0],
						"3.0": [0, 0, 0]
					}
				},
				"bubble_10": {
					"scale": {
						"0.0": [1, 1, 1],
						"0.6667": [1.4, 1.4, 1.4],
						"0.7083": [0, 0, 0],
						"1.0": [0, 0, 0],
						"1.875": [1, 1, 1],
						"2.2917": [1.4, 1.4, 1.4],
						"2.3333": [0, 0, 0],
						"2.625": [0, 0, 0],
						"3.0": [1, 1, 1]
					}
				},
				"bubble_9": {
					"scale": {
						"0.0": [1, 1, 1],
						"0.4167": [1.4, 1.4, 1.4],
						"0.4583": [0, 0, 0],
						"0.75": [0, 0, 0],
						"1.3333": [1, 1, 1],
						"2.2083": [1.4, 1.4, 1.4],
						"2.25": [0, 0, 0],
						"2.5417": [0, 0, 0],
						"3.0": [1, 1, 1]
					}
				},
				"bubble_8": {
					"scale": {
						"0.0": [1, 1, 1],
						"0.4167": [1.4, 1.4, 1.4],
						"0.4583": [0, 0, 0],
						"0.75": [0, 0, 0],
						"1.375": [1, 1, 1],
						"1.7917": [1.4, 1.4, 1.4],
						"1.8333": [0, 0, 0],
						"2.125": [0, 0, 0],
						"3.0": [1, 1, 1]
					}
				},
				"bubble_7": {
					"scale": {
						"0.0": [0, 0, 0],
						"0.4583": [1, 1, 1],
						"1.5833": [1.4, 1.4, 1.4],
						"1.625": [0, 0, 0],
						"1.8333": [0, 0, 0],
						"2.375": [1, 1, 1],
						"2.9583": [1.4, 1.4, 1.4],
						"3.0": [0, 0, 0]
					}
				},
				"bubble_6": {
					"scale": {
						"0.0": [1, 1, 1],
						"0.25": [1.4, 1.4, 1.4],
						"0.2917": [0, 0, 0],
						"0.75": [1, 1, 1],
						"1.125": [1.4, 1.4, 1.4],
						"1.1667": [0, 0, 0],
						"2.2083": [1.4, 1.4, 1.4],
						"2.25": [0, 0, 0],
						"2.7083": [0, 0, 0],
						"3.0": [1, 1, 1]
					}
				},
				"bubble_5": {
					"scale": {
						"0.0": [1, 1, 1],
						"0.2083": [1.4, 1.4, 1.4],
						"0.25": [0, 0, 0],
						"0.5417": [0, 0, 0],
						"0.75": [1, 1, 1],
						"0.9583": [1.4, 1.4, 1.4],
						"1.0": [0, 0, 0],
						"1.7917": [0, 0, 0],
						"2.375": [1.4, 1.4, 1.4],
						"2.4167": [0, 0, 0],
						"2.7083": [0, 0, 0],
						"3.0": [1, 1, 1]
					}
				},
				"bubble_4": {
					"scale": {
						"0.0": [1, 1, 1],
						"0.625": [1.4, 1.4, 1.4],
						"0.6667": [0, 0, 0],
						"0.9583": [0, 0, 0],
						"1.3333": [1, 1, 1],
						"1.7083": [1.4, 1.4, 1.4],
						"1.75": [0, 0, 0],
						"2.0417": [0, 0, 0],
						"3.0": [1, 1, 1]
					}
				},
				"bubble_3": {
					"scale": {
						"0.0": [1, 1, 1],
						"0.6667": [1.4, 1.4, 1.4],
						"0.7083": [0, 0, 0],
						"1.0": [0, 0, 0],
						"1.5833": [1, 1, 1],
						"2.25": [1.4, 1.4, 1.4],
						"2.2917": [0, 0, 0],
						"2.5833": [0, 0, 0],
						"3.0": [1, 1, 1]
					}
				},
				"bubble_2": {
					"scale": {
						"0.0": [1, 1, 1],
						"0.25": [1.4, 1.4, 1.4],
						"0.2917": [0, 0, 0],
						"0.5833": [0, 0, 0],
						"0.8333": [1, 1, 1],
						"1.1667": [1.4, 1.4, 1.4],
						"1.2083": [0, 0, 0],
						"1.5": [0, 0, 0],
						"1.875": [1, 1, 1],
						"2.2917": [1.4, 1.4, 1.4],
						"2.3333": [0, 0, 0],
						"2.625": [0, 0, 0],
						"3.0": [1, 1, 1]
					}
				},
				"bubble_1": {
					"scale": {
						"0.0": [1.4, 1.4, 1.4],
						"0.0417": [0, 0, 0],
						"0.3333": [0, 0, 0],
						"0.5833": [1, 1, 1],
						"1.0": [1.4, 1.4, 1.4],
						"1.3333": [1.4, 1.4, 1.4],
						"1.375": [0, 0, 0],
						"1.6667": [0, 0, 0],
						"2.0417": [1, 1, 1],
						"2.375": [1.4, 1.4, 1.4],
						"2.4167": [0, 0, 0],
						"2.7083": [0, 0, 0],
						"3.0": [1.4, 1.4, 1.4]
					}
				},
				"bubble_0": {
					"scale": {
						"0.0": [1, 1, 1],
						"0.4583": [1.4, 1.4, 1.4],
						"0.5": [0, 0, 0],
						"0.7917": [0, 0, 0],
						"1.25": [1, 1, 1],
						"2.0833": [1.4, 1.4, 1.4],
						"2.125": [0, 0, 0],
						"2.5833": [0, 0, 0],
						"3.0": [1, 1, 1]
					}
				}
			}
		},
		"animation.op.p_bow.activate_main": {
			"loop": true,
			"animation_length": 0.75,
			"bones": {
				"movement": {
					"rotation": {
						"0.0": [0, 0, 0],
						"0.2917": [0, -20, 0],
						"0.5": [0, -9, 0]
					},
					"position": {
						"0.0": [0, 0, 0],
						"0.2917": [0, 0, -5],
						"0.5": [-5.1, 8, -4.1]
					}
				}
			}
		}
	}
}