{
	"format_version": "1.8.0",
	"animations": {
		"animation.op.l_staff.idle_main": {
			"loop": true,
			"animation_length": 3,
			"bones": {
				"movement": {
					"rotation": {
						"0.0": [0, 0, 0],
						"0.75": [0.82663, 2.33337, -0.14052],
						"2.1667": [0.0551, -1.59368, -1.03497],
						"3.0": [0, 0, 0]
					},
					"position": [0, 0, 0]
				}
			}
		},
		"animation.op.l_staff.idle_detail": {
			"loop": true,
			"animation_length": 3,
			"bones": {
				"floating_ball2": {
					"position": {
						"0.0": [0, 0, 0],
						"0.8333": [0, 0.2, 0],
						"1.0417": [0, 0.18, 0],
						"2.1667": [0, -0.2, 0],
						"2.375": [0, -0.18, 0],
						"3.0": [0, 0, 0]
					}
				}
			}
		},
		"animation.op.l_staff.activate_main": {
			"loop": true,
			"animation_length": 1.95833,
			"bones": {
				"movement": {
					"rotation": {
						"0.0": [0, 0, 0],
						"0.75": [0, 0, 0],
						"0.875": [33.25612, 8.31087, -23.66235],
						"1.0417": [81.29776, 36.16158, -34.58733],
						"1.1667": [80.04776, 36.16158, -34.58733],
						"1.25": [23.81856, -2.53449, -16.14753],
						"1.2917": [-4.99527, 0.21782, 2.4905],
						"1.375": [1.98467, 0.35711, -1.50713],
						"1.4583": [0, 0, 0],
						"1.9583": [0, 0, 0]
					},
					"position": {
						"0.0": [0, 0, 0],
						"0.75": [0, 0, 0],
						"0.875": [7, 11, 10],
						"1.0417": [6, 33, 8],
						"1.1667": [7.5, 33, 9.5],
						"1.25": [4.78, 6.72, 8.73],
						"1.2917": [-0.7, -0.8, -1.1],
						"1.375": [0.7, 0.2, 0.45],
						"1.4583": [0, 0, 0],
						"1.9583": [0, 0, 0]
					}
				}
			}
		},
		"animation.op.l_staff.activate_detail": {
			"loop": true,
			"animation_length": 1.95833,
			"bones": {
				"floating_ball2": {
					"rotation": {
						"0.0": [0, 0, 0],
						"0.6667": [0, 0, -10],
						"1.25": [0, 0, 7.5],
						"1.4583": [0, 0, 10],
						"1.5833": [0, 0, -10],
						"1.75": [0, 0, 10],
						"1.9583": [0, 0, 0]
					},
					"position": {
						"0.0": [0, 0, 0],
						"0.4583": [0, 0.36, 0],
						"0.8333": [0, 0.2, 0],
						"1.0417": [0, 0.18, 0],
						"1.25": [0, -0.78, 0],
						"1.3333": [0.5, -1.17, 0],
						"1.4583": [0.5, 1.23, 0],
						"1.5833": [-0.5, -0.02, 0],
						"1.75": [0, -0.51, 0],
						"1.9583": [0, 0, 0]
					}
				}
			}
		}
	}
}