{
	"format_version": "1.8.0",
	"animations": {
		"animation.op.s_sun.activate_main": {
			"loop": true,
			"animation_length": 2.16667,
			"bones": {
				"bone2": {
					"rotation": {
						"0.0": [0, 0, 0],
						"0.125": [20, 0, 0],
						"0.25": [-7.63409, -5.41251, -5.14434],
						"0.375": [-35.02162, -16.12209, -7.45965],
						"0.75": [-56.67796, -2.49316, 2.61919],
						"0.875": [-44.67796, -2.49316, 2.61919],
						"1.0": [-32.74262, -11.2772, -4.03252],
						"1.125": [-24.81279, -24.23797, -7.64793],
						"1.25": [-37.69733, -17.30529, 4.9969],
						"1.375": [-44.20162, -9.08998, 5.96687],
						"1.5": [-36.74443, -8.5478, 5.12551],
						"1.625": [-31.19796, -10.53456, -7.34905],
						"1.7917": [-14.90856, -4.13553, -5.23034],
						"1.9167": [0, 0, 0]
					},
					"position": {
						"0.0": [0, 0, 0],
						"0.125": [0, -1.4, 0.9],
						"0.25": [0.4, 1.54, -5.49],
						"0.375": [0.8, 8.575, -8.975],
						"0.75": [-3.3, 9.38, -6.78],
						"0.875": [-2.7, 7.08, -6.78],
						"1.0": [-1.5, 4.38, -6.48],
						"1.125": [0.55, 3.755, -6.48],
						"1.25": [-0.625, 5.95, -6.93],
						"1.375": [-1.495, 5.95, -6.93],
						"1.5": [-1.49, 4.8, -5.88],
						"1.625": [0.335, 2.675, -5.005],
						"1.9167": [0, 0, 0]
					}
				}
			}
		}
	}
}