{
	"format_version": "1.8.0",
	"animations": {
		"animation.op.r_spear.activate_main": {
			"loop": true,
			"animation_length": 1.04167,
			"bones": {
				"movement": {
					"rotation": {
						"0.0": [3.26063, 12.5624, 14.19746],
						"0.2083": [-4.97949, 6.87768, 12.06524],
						"0.375": [-13.34474, 1.54692, 23.13197],
						"0.5": [-10.08881, 4.47492, 17.92895],
						"0.5833": [-12.32937, 5.74935, 25.6766],
						"0.625": [-10.08881, 4.47492, 17.92895],
						"0.7083": [-5.82588, 6.71575, 18.1323],
						"0.875": [3.26063, 12.5624, 14.19746]
					},
					"position": {
						"0.0": [-8.1, 0.7, 6.425],
						"0.2083": [-3.7, 4, 6.6],
						"0.375": [0.5, 7.8, 6.4],
						"0.5": [-1.275, 6.15, 2.5],
						"0.5833": [-1.27, 7.35, -2.6],
						"0.625": [-1.275, 6.15, 2.5],
						"0.7083": [-3.795, 4.6, 3.425],
						"0.875": [-8.1, 0.7, 6.425]
					}
				}
			}
		},
		"animation.op.r_spear.idle_detail": {
			"loop": true,
			"animation_length": 1.04167,
			"bones": {
				"ribbon": {
                    "relative_to": {
                        "rotation": "entity"
                    },
                    "rotation": [
                        "0",
                        "0",
                        "0"
                    ]
				}
			}
		}
	}
}