{
	"format_version": "1.8.0",
	"animations": {
		"animation.op.ce_galaxy.activate_main": {
			"loop": true,
			"animation_length": 1.125,
			"bones": {
				"movement": {
					"rotation": {
						"0.0": [22.5, 0, 0],
						"0.25": [20.41196, -7.37749, -30.96067],
						"0.5": [-13.04877, -26.33852, -12.82777],
						"0.7083": [4.76973, -34.48561, -8.82472],
						"0.875": [-5.29446, -35.48139, -8.71278]
					},
					"position": {
						"0.0": [-4, 20.5, -5.1],
						"0.25": [-2.2, 21.5, -12.1],
						"0.5": [-5.2, 32.5, -5.1],
						"0.7083": [-3.2, 33.25, -3.7],
						"0.875": [-3.5, 33.25, -3.7]
					}
				}
			}
		},
		"animation.op.ce_galaxy.idle_detail": {
			"loop": true,
			"animation_length": 3,
			"bones": {
				"sphere": {
					"position": {
						"0.0": [0, 0, 0],
						"1.0": [0, 0.5, 0],
						"2.0": [0, -0.5, 0],
						"3.0": [0, 0, 0]
					},
					"rotation": {
						"0.0": [0, 0, 0],
						"3.0": [0, 360, 0]
					}
				}
			}
		}
	}
}