{
	"format_version": "1.8.0",
	"animations": {
		"animation.op.f_dagger.activate_main": {
			"loop": true,
			"animation_length": 1.04167,
			"bones": {
				"bone2": {
					"rotation": {
						"0.0": [12.5, 10, 0],
						"0.1667": [11.43366, 9.01766, -6.44604],
						"0.25": [17.75652, 10.86285, -9.57623],
						"0.375": [26.77713, 14.38923, -16.69836],
						"0.4583": [27.56678, 18.67245, -6.65426],
						"0.5417": [23.18623, 3.10836, -9.71362],
						"0.5833": [29.87534, 15.32352, -0.7114],
						"0.7083": [12.5, 10, 0]
					},
					"position": {
						"0.0": [0, 0, 0],
						"0.125": [-1.5, -6, 1.5],
						"0.1667": [-1, -8, 2],
						"0.25": [-0.13, -11.95, 3.8],
						"0.375": [4.3, -16, 6.5],
						"0.4583": [-1.9, -4.7, 1.8],
						"0.5417": [4, 4.8, -4.1],
						"0.5833": [1.92, 4.375, -3.11],
						"0.6667": [0.55, 1.2, -1.13],
						"0.7083": [0, 0, 0]
					}
				}
			}
		}
	}
}