{
	"format_version": "1.8.0",
	"animations": {
		"animation.op.ch_hammer.idle_main": {
			"loop": true,
			"animation_length": 3,
			"bones": {
				"movement2": {
					"rotation": [0, 0, 0],
					"position": [0, -0.4, -0.2]
				},
				"movement": {
					"rotation": {
						"0.0": [0.53098, 0.13736, -0.90861],
						"0.75": [-0.82205, 0.04073, -0.30415],
						"2.1667": [1.87953, 0.25408, -1.50715],
						"3.0": [0.53098, 0.13736, -0.90861]
					}
				}
			}
		},
		"animation.op.ch_hammer.idle_detail": {
			"loop": true,
			"animation_length": 3,
			"bones": {
				"tendril_13": {
					"rotation": {
						"0.0": [0, 0, 0],
						"1.0417": [-5.13108, 0.24678, 4.99563],
						"3.0": [0, 0, 0]
					}
				},
				"tendril_15": {
					"rotation": {
						"0.0": [-2.5, 0, 0],
						"1.0417": [10, 0, 0],
						"1.9167": [8.70218, 9.76325, 2.21129],
						"3.0": [-2.5, 0, 0]
					}
				},
				"tendril_16": {
					"rotation": {
						"0.0": [0, 0, 0],
						"0.5417": [-4.86434, -17.29742, 2.69046],
						"1.9167": [10.40358, -24.74758, 2.4069],
						"3.0": [0, 0, 0]
					}
				},
				"tendril_2": {
					"rotation": {
						"0.0": [0, 0, 0],
						"1.5": [-6.66751, 0.50766, -2.96184],
						"3.0": [0, 0, 0]
					}
				},
				"tendril_3": {
					"rotation": {
						"0.0": [-0.07735, -2.49213, 0.21275],
						"0.75": [5, 0, 0],
						"1.5": [4.99275, 2.49991, 0.02248],
						"2.1667": [0.27778, 0, 0],
						"3.0": [-0.07735, -2.49213, 0.21275]
					}
				},
				"tendril_4": {
					"rotation": {
						"0.0": [0.013, -2.49955, -0.04942],
						"0.75": [-4.96158, 2.49423, -0.17407],
						"1.5": [0.29976, 3.67302, -0.01991],
						"2.1667": [5, 0, 0],
						"3.0": [0.013, -2.49955, -0.04942]
					}
				},
				"tendril_12": {
					"rotation": {
						"0.0": [0, 0, 0],
						"0.75": [0.22988, -8.73008, 0.63369],
						"1.5": [-2.12674, -12.45324, 1.11788],
						"2.1667": [5.11861, -4.15702, 0.30738],
						"3.0": [0, 0, 0]
					}
				},
				"tendril_9": {
					"rotation": {
						"0.0": [0.9456, -0.19543, -2.66568],
						"0.75": [-3.42613, 0.34447, 2.64366],
						"2.1667": [-0.67, 0, -0.7],
						"3.0": [0.9456, -0.19543, -2.66568]
					}
				},
				"tendril_10": {
					"rotation": {
						"0.0": [0, 0, 0],
						"0.75": [7.29451, -6.18202, -0.88531],
						"2.1667": [-4.79833, -2.28964, -0.32789],
						"3.0": [0, 0, 0]
					}
				},
				"tendril_11": {
					"rotation": {
						"0.0": [-7.5, 0, 0],
						"0.75": [-6.35549, -3.74337, -0.24669],
						"1.5": [4.78902, -7.48675, -0.49338],
						"2.1667": [8.77168, -4.1593, -0.2741],
						"3.0": [-7.5, 0, 0]
					}
				},
				"tendril_5": {
					"rotation": {
						"0.0": [0, 0, 0],
						"0.75": [0, 0, 2.5],
						"2.1667": [0, 0, -2.5],
						"3.0": [0, 0, 0]
					}
				},
				"tendril_6": {
					"rotation": {
						"0.0": [0, 0, 0],
						"1.5": [-2.16035, 7.43951, -1.04594],
						"3.0": [0, 0, 0]
					}
				},
				"tendril_7": {
					"rotation": {
						"0.0": [-5, 0, 0],
						"0.75": [3.71214, -9.98277, -0.48977],
						"1.5": [7.4938, -14.94472, -0.89668],
						"3.0": [-5, 0, 0]
					}
				},
				"tendril_8": {
					"rotation": {
						"0.0": [0, 0, 0],
						"0.75": [-2.19194, -13.71957, 0.96508],
						"1.5": [9.98035, -2.49607, 0.12302],
						"2.1667": [12.18906, 7.48037, -0.62547],
						"3.0": [0, 0, 0]
					}
				},
				"tendril_17": {
					"rotation": {
						"0.0": [0, 0, 0],
						"2.1667": [2.5, 0, 0],
						"3.0": [0, 0, 0]
					}
				},
				"tendril_18": {
					"rotation": {
						"0.0": [0, 0, 0],
						"1.5": [9.90263, 2.47609, 0.35841],
						"3.0": [0, 0, 0]
					}
				},
				"tendril_19": {
					"rotation": {
						"0.0": [5, 0, 0],
						"0.75": [-8.00367, -6.19136, 0.93265],
						"1.5": [-5.02626, -2.49959, 0.05211],
						"2.1667": [6.45875, 8.56264, 1.1225],
						"3.0": [5, 0, 0]
					}
				}
			}
		},
		"animation.op.ch_hammer.activate_main": {
			"loop": true,
			"animation_length": 2.70833,
			"bones": {
				"movement2": {
					"rotation": {
						"0.0": [0, 0, 0],
						"0.2083": [38.45218, -51.37501, -21.97693],
						"0.375": [82.2192, -71.28288, -83.17695],
						"0.5417": [-68.41511, -54.59936, 83.02922],
						"0.625": [-66.28233, -22.77972, 81.24006],
						"0.7083": [-37.16441, -57.54978, 34.43024],
						"0.8333": [45.59934, -40.44479, -73.37786],
						"0.875": [56.15816, -16.22535, -88.83155],
						"1.0": [57.38016, -4.74363, -75.12345],
						"1.0417": [57.24309, -6.84778, -73.76641],
						"1.0833": [57.38016, -4.74363, -75.12345],
						"1.125": [57.64626, -5.96221, -72.8517],
						"1.1667": [58.01609, -5.49078, -71.65448],
						"1.375": [62.48795, -1.96891, -59.3791],
						"1.5833": [64.87361, 1.92277, -47.4567],
						"1.8333": [82.85531, -4.62173, -63.32387],
						"2.0417": [50.28442, -9.97222, -32.67904],
						"2.25": [0.09748, 0.97339, 9.43685],
						"2.375": [-4.96849, 0.54295, 4.45496],
						"2.5": [0, 0, 0]
					},
					"position": {
						"0.0": [0, 0, 0],
						"0.2083": [6.9, 0, -4.5],
						"0.375": [8.9, 4, -10.5],
						"0.5417": [9, 15.4, -1.2],
						"0.625": [9, 18.9, 2.3],
						"0.7083": [5.9, 18.2, -5.5],
						"0.8333": [2.8, 1, -11.6],
						"0.875": [3.8, -8, -11.6],
						"1.0": [3.8, -8.75, -11.1],
						"1.0417": [3.8, -8.25, -11.1],
						"1.0833": [3.8, -8.75, -11.1],
						"1.125": [3.8, -8.295, -11.1],
						"1.1667": [3.8, -8.5, -11.1],
						"1.375": [3.05, -7.8, -10],
						"1.5833": [1.75, -6.85, -8.5],
						"1.8333": [0.25, -3.85, -6.4],
						"2.0417": [-0.25, -1.85, -3],
						"2.25": [0.1, 0, 0],
						"2.375": [0.1, -0.3, 0],
						"2.5": [0, 0, 0]
					}
				}
			}
		},
		"animation.op.ch_hammer.activate_detail": {
			"loop": true,
			"animation_length": 2.70833,
			"bones": {
				"tendril_13": {
					"rotation": {
						"0.0": [0, 0, 0],
						"0.5417": [-1.11285, -0.90119, 30.00694],
						"0.8333": [-11.98024, -10.50913, -39.20888],
						"1.0833": [-1.11285, -0.90119, 30.00694],
						"1.2083": [-4.74, -4.1, 6.93],
						"1.375": [-1.11285, -0.90119, 30.00694],
						"2.0": [-1.11285, -0.90119, 30.00694],
						"2.125": [-4.74, -4.1, 6.93],
						"2.25": [0, 0, 0]
					}
				},
				"tendril_14": {
					"rotation": {
						"0.0": [0, 0, 0],
						"0.3333": [0.08792, 24.9305, -1.87978],
						"0.5417": [-0.27983, 39.88523, -3.10415],
						"0.8333": [0, 0, 0],
						"0.9583": [-0.9548, -22.42181, 2.11413],
						"1.2083": [0.13443, 9.97176, -0.76392],
						"2.0": [-0.11576, 34.9012, -2.67238],
						"2.3333": [0, 0, 0]
					}
				},
				"tendril_15": {
					"rotation": {
						"0.0": [0, 0, 0],
						"0.3333": [-0.01, 32.43943, 2.01046],
						"0.5417": [0.96755, 57.37899, 4.01607],
						"0.8333": [0.44737, -14.96711, -1.09149],
						"1.0833": [-0.11027, 24.95369, 1.53709],
						"1.2083": [0.17812, -7.48452, -0.51386],
						"1.6667": [-0.05083, 29.94428, 1.84958],
						"2.125": [0.10273, 33.86311, 2.13165],
						"2.4167": [0, 0, 0]
					}
				},
				"tendril_2": {
					"rotation": {
						"0.0": [0, 0, 0],
						"0.5417": [13.71775, -11.62955, 28.4313],
						"0.8333": [-12.47169, 3.47879, -21.18058],
						"1.0833": [-13.78225, -11.62955, 28.4313],
						"1.2083": [6.86, -6.94, 14.99],
						"1.375": [-23.78225, -11.62955, 28.4313],
						"2.0": [-18.78225, -11.62955, 28.4313],
						"2.125": [-8.14, -6.94, 14.99],
						"2.25": [0, 0, 0]
					}
				},
				"tendril_3": {
					"rotation": {
						"0.0": [0, 0, 0],
						"0.2083": [26.24139, 27.83662, 11.36768],
						"0.375": [-23.75861, 27.83662, 11.36768],
						"0.7083": [-55.23461, 43.2422, -12.36956],
						"0.8333": [64.11984, 41.01394, -33.83507],
						"1.0": [64.11984, 41.01394, -33.83507],
						"1.2083": [5.26098, 36.23307, -16.41452],
						"1.375": [30.1739, 32.40838, -2.47807],
						"2.0": [-19.8261, 32.40838, -2.47807],
						"2.2083": [-24.91305, 16.20419, -1.23904],
						"2.3333": [0, 0, 0]
					}
				},
				"tendril_12": {
					"rotation": {
						"0.0": [0, 0, 0],
						"0.2083": [5, 0, 0],
						"0.375": [-5, 0, 0],