{
	"format_version": "1.8.0",
	"animations": {
		"animation.op.n_sword.activate_main": {
			"loop": true,
			"animation_length": 1.91667,
			"bones": {
				"movement": {
					"rotation": {
						"0.0": [0, 0, 0],
						"0.1667": [-16.78168, -0.18641, 18.58363],
						"0.2917": [-7.49294, -0.32621, 32.52136],
						"0.375": [-12.45994, 0.97115, 38.37964],
						"0.4583": [-43.33085, 10.57905, 38.94502],
						"0.5417": [-27.77841, -42.22293, 27.23465],
						"0.625": [67.81388, -82.35992, -77.00353],
						"0.6667": [86.57308, -32.87285, -97.14996],
						"0.7083": [87.02672, 14.56159, -99.75975],
						"0.75": [86.69193, 29.53938, -100.64391],
						"0.7917": [89.67462, 34.53931, -100.6765],
						"0.8333": [85.49166, 37.77967, -100.98646],
						"1.0417": [84.77373, 46.99663, -102.04795],
						"1.1667": [84.64744, 48.24131, -102.2189],
						"1.7083": [0, 0, 0]
					},
					"position": {
						"0.0": [0, 0, 0],
						"0.1667": [5.14, 2.75, 0],
						"0.2917": [9, 0, 0],
						"0.375": [8.45, 0.56, -1],
						"0.4583": [7.9, 5.525, 0.5],
						"0.5417": [5.525, 6.405, -1.9],
						"0.625": [1.7, 3.93, -4.3],
						"0.75": [-0.5, 7.43, -4.3],
						"1.1667": [-0.5, 7.43, -4.3],
						"1.7083": [0, 0, 0]
					}
				},
				"movement2": {
					"rotation": {
						"1.1667": [0, 0, 0],
						"1.2917": [33.75, -37.5, 0],
						"1.3333": [40, -50, 0],
						"1.4167": [11.09036, -78.34372, 29.66292],
						"1.5417": [22.7799, -72.56424, 7.45416],
						"1.7083": [0, 0, 0]
					},
					"position": {
						"1.1667": [0, 0, 0],
						"1.2917": [0, -2.75, -2.75],
						"1.4167": [0, -5.75, -0.75],
						"1.7083": [0, 0, 0]
					}
				}
			}
		}
	}
}