{
	"format_version": "1.8.0",
	"animations": {
		"animation.op.ce_wand.activate_main": {
			"loop": true,
			"animation_length": 1.91667,
			"bones": {
				"movement": {
					"rotation": {
						"0.0": [45, 0, 0],
						"0.1667": [56.18833, 7.47613, 9.6797],
						"0.3333": [40.5805, -1.57419, -1.87739],
						"0.5": [43.55522, -10.73724, -3.66776],
						"0.6667": [54.88477, -4.32589, 10.88958],
						"0.8333": [56.18488, -1.02581, 14.7008],
						"1.0": [52.76165, -2.49465, 0.26252],
						"1.1667": [48.55495, -9.77551, -3.76748],
						"1.3333": [57.18102, -8.67997, 7.49399],
						"1.4583": [57.30087, -3.72583, 25.87987],
						"1.5833": [59.35416, -4.61299, 2.36837],
						"1.7083": [45, 0, 0]
					},
					"position": {
						"0.0": [-6, 8, -4],
						"0.1667": [-8.4, 10.2, -4],
						"0.3333": [-6.6, 14.1, -7],
						"0.5": [-3.6, 12.375, -6.4],
						"0.6667": [-6.15, 11.38, -5.5],
						"0.8333": [-7.75, 12.48, -5.5],
						"1.0": [-5.05, 13.08, -5.825],
						"1.1667": [-2.65, 11.18, -5.82],
						"1.3333": [-5.25, 11.38, -5.12],
						"1.4583": [-8.25, 13.78, -5.72],
						"1.5833": [-5.25, 13.03, -5.92],
						"1.7083": [-6, 8, -4]
					}
				}
			}
		},
		"animation.op.ce_wand.idle_detail": {
			"loop": true,
			"animation_length": 3,
			"bones": {
				"stone": {
                    "position": {
                        "0.0": [0, 0, 0],
                        "1.1": [0, 25, 0],
                        "1.5": [0, 30, 0],
                        "2.6": [0, 5, 0],
                        "3.0": [0, 0, 0]
                    },
                    "rotation": {
                        "0.0": [0, 0, 0],
                        "3.0": [0, 1440, 0]
                    }
				}
			}
		}
	}
}