{
	"format_version": "1.8.0",
	"animations": {
		"animation.op.ch_lantern.idle_main": {
			"loop": true,
			"animation_length": 3,
			"bones": {
				"movement": {
					"rotation": {
						"0.0": [20, 0, 0],
						"0.75": [19.98247, -0.85481, 2.34941],
						"2.1667": [22.5511, 0.95944, 5.80683],
						"3.0": [20, 0, 0]
					},
					"position": {
						"0.0": [-6, 11, -1],
						"0.75": [-7, 11.5, 0],
						"2.1667": [-6.9, 10.9, -0.2],
						"3.0": [-6, 11, -1]
					}
				}
			}
		},
		"animation.op.ch_lantern.idle_detail": {
			"loop": true,
			"animation_length": 3,
			"bones": {
				"movement2": {
					"position": {
						"0.0": [0, 0, 0],
						"0.1667": [0, 0, 0],
						"0.2083": [0, 0.2, 0],
						"0.25": [0, 0, 0],
						"1.9583": [0, 0, 0],
						"2.0": [0, 0.2, 0],
						"2.0417": [0, 0, 0]
					}
				},
				"bottle": {
					"position": {
						"0.0": [0, 0, 0],
						"0.0833": [0, 0.5, 0],
						"0.1667": [0, 0, 0],
						"0.2083": [0, 0.2, 0],
						"0.25": [0, 0, 0],
						"1.7917": [0, 0, 0],
						"1.875": [0, 0.5, 0],
						"1.9583": [0, 0, 0],
						"2.0": [0, 0.2, 0],
						"2.0417": [0, 0, 0]
					}
				}
			}
		},
		"animation.op.ch_lantern.activate_main": {
			"loop": true,
			"animation_length": 1.08333,
			"bones": {
				"movement2": {
					"rotation": {
						"0.0": [20, 0, 0],
						"0.25": [15.76625, 5.72295, 7.4533],
						"0.3333": [9.96264, 3.31665, 6.77307],
						"0.4167": [4.95247, -1.63526, 6.08102],
						"0.5417": [4.69008, -6.82733, 8.15536],
						"0.6667": [2.21917, -9.31891, 7.94828],
						"0.875": [9.98982, 1.63193, 3.08976],
						"1.0833": [20, 0, 0]
					},
					"position": {
						"0.0": [-6, 11, -1],
						"0.25": [-7.4, 11.2, 2.2],
						"0.3333": [-6.3, 17, -9.3],
						"0.4167": [-4.3, 27.3, -10.2],
						"0.5417": [-4.4, 24.3, -12],
						"0.6667": [-4.4, 22.3, -12],
						"0.875": [-6.5, 14.8, -9.1],
						"1.0833": [-6, 11, -1]
					}
				}
			}
		},
		"animation.op.ch_lantern.activate_detail": {
			"loop": true,
			"animation_length": 1.08333,
			"bones": {
				"bottle": {
					"position": {
						"0.0": [0, 0, 0],
						"0.0417": [0, 0.3, 0],
						"0.0833": [0, 0, 0],
						"0.125": [0, 0.3, 0],
						"0.1667": [0, 0, 0],
						"0.2083": [0, 0.3, 0],
						"0.25": [0, 0, 0],
						"0.2917": [0, 0.3, 0],
						"0.3333": [0, 0, 0],
						"0.375": [0, 0.3, 0],
						"0.4167": [0, 0, 0],
						"0.4583": [0, 0.3, 0],
						"0.5": [0, 0, 0],
						"0.5417": [0, 0.3, 0],
						"0.5833": [0, 0, 0],
						"0.625": [0, 0.3, 0],
						"0.6667": [0, 0, 0],
						"0.7083": [0, 0.3, 0],
						"0.75": [0, 0, 0],
						"0.7917": [0, 0.3, 0],
						"0.8333": [0, 0, 0],
						"0.875": [0, 0.3, 0],
						"0.9167": [0, 0, 0],
						"0.9583": [0, 0.3, 0],
						"1.0": [0, 0, 0],
						"1.0417": [0, 0.3, 0],
						"1.0833": [0, 0, 0]
					}
				}
			}
		}
	}
}