{
	"format_version": "1.8.0",
	"animations": {
		"animation.op.s_sword.activate_main": {
			"loop": true,
			"animation_length": 1.375,
			"bones": {
				"movement": {
					"rotation": {
						"0.0": [0, 0, 0],
						"0.125": [-16.4552, 24.00784, 31.80577],
						"0.2083": [-16.21602, 42.49791, 42.49702],
						"0.25": [-13.97856, 43.14928, 45.78811],
						"0.2917": [-11.55461, 28.93749, 40.93229],
						"0.3333": [-5.62225, -18.25297, -4.17953],
						"0.375": [36.25035, -53.99801, -68.43018],
						"0.4167": [66.37212, -16.08411, -91.77266],
						"0.4583": [82.72459, 22.3718, -107.65005],
						"0.5417": [84.69067, 36.51637, -120.43684],
						"0.625": [90.01529, 36.52583, -118.17891],
						"0.7083": [90.01529, 36.52583, -118.17891],
						"0.8333": [78.80808, 1.31382, -64.00601],
						"1.0": [0, 0, 0]
					},
					"position": {
						"0.0": [0, 0, 0],
						"0.125": [8.545, 7.47, 4.44],
						"0.2083": [16.2, 5.2, 2.4],
						"0.25": [17.325, 5.2, 3.375],
						"0.2917": [14.905, 7.45, 3.18],
						"0.3333": [6.21, 9.75, 2.08],
						"0.375": [-0.79, 6.85, -2.12],
						"0.4167": [-2.19, 6.95, -7.12],
						"0.4583": [-1.99, 2.65, -10.52],
						"0.5417": [-0.89, -0.15, -10.62],
						"0.625": [-0.89, -0.15, -11.32],
						"0.7083": [-0.89, -0.15, -11.32],
						"0.8333": [-1.21, 2.71, -6.47],
						"1.0": [0, 0, 0]
					}
				}
			}
		}
	}
}