{
	"format_version": "1.8.0",
	"animations": {
		"animation.op.f_crystal.activate_main": {
			"loop": true,
			"animation_length": 1.20833,
			"bones": {
				"bone14": {
					"rotation": {
						"0.0": [0, 0, 0],
						"0.1667": [-12.91083, -14.48379, -34.40873],
						"0.25": [48.48696, 1.26017, -18.1431],
						"0.2917": [80.68241, -3.91756, -12.68629],
						"0.3333": [112.9773, -9.65748, -15.17787],
						"0.375": [146.37874, -7.70967, -25.72414],
						"0.625": [88.01141, -9.61263, -22.32523]
					},
					"position": {
						"0.0": [0, 0, 0],
						"0.1667": [5.75, -2, -1],
						"0.25": [-0.275, 8.1, 11.625],
						"0.2917": [-3.655, 17.675, 11.63],
						"0.3333": [-6.65, 26.52, 5.93],
						"0.375": [-8.85, 31.32, -3.47],
						"0.625": [-6.55, 24.82, 3.53]
					}
				}
			}
		},
		"animation.op.f_crystal.activate_detail": {
			"loop": true,
			"animation_length": 0.75,
			"bones": {
				"bone15": {
					"scale": {
						"0.0": [1, 1, 1],
						"0.125": [1, 1, 0.92],
						"0.2083": [1, 1, 1.72],
						"0.2917": [1, 1, 1.69],
						"0.375": [1, 1, 1.82]
					}
				},
				"bone16": {
					"scale": {
						"0.0": [1, 1, 1],
						"0.125": [1, 1, 0.92],
						"0.25": [1, 1, 1.56],
						"0.2917": [1, 1, 1.94],
						"0.375": [1, 1, 1.82]
					}
				},
				"bone17": {
					"scale": {
						"0.0": [1, 1, 1],
						"0.125": [1, 1, 0.92],
						"0.2083": [1, 1, 1.72],
						"0.2917": [1, 1, 1.69],
						"0.375": [1, 1, 1.82]
					}
				},
				"bone18": {
					"scale": {
						"0.0": [1, 1, 1],
						"0.125": [1, 1, 0.92],
						"0.2083": [1, 1, 1.72],
						"0.2917": [1, 1, 2.06],
						"0.375": [1, 1, 1.82]
					}
				},
				"bone19": {
					"scale": {
						"0.0": [1, 1, 1],
						"0.125": [1, 1, 0.92],
						"0.2083": [1, 1, 1.72],
						"0.2917": [1, 1, 1.69],
						"0.375": [1, 1, 1.62]
					}
				},
				"bone20": {
					"scale": {
						"0.0": [1, 1, 1],
						"0.125": [1, 1, 0.92],
						"0.2083": [1, 1, 1.72],
						"0.2917": [1, 1, 1.79],
						"0.375": [1, 1, 1.62]
					}
				},
				"bone21": {
					"scale": {
						"0.0": [1, 1, 1],
						"0.0833": [1, 1, 1],
						"0.1667": [1, 1, 0.9467],
						"0.25": [1, 1, 1.82],
						"0.375": [1, 1, 1.69],
						"0.4583": [1, 1, 1.72]
					}
				},
				"bone22": {
					"scale": {
						"0.0": [1, 1, 1],
						"0.0833": [1, 1, 1],
						"0.2083": [1, 1, 0.92],
						"0.2917": [1, 1, 1.72],
						"0.375": [1, 1, 1.69],
						"0.4583": [1, 1, 1.72]
					}
				},
				"bone23": {
					"scale": {
						"0.0": [1, 1, 1],
						"0.0833": [1, 1, 1],
						"0.2083": [1, 1, 0.92],
						"0.2917": [1, 1, 1.72],
						"0.375": [1, 1, 1.69],
						"0.4583": [1, 1, 1.72]
					}
				},
				"bone24": {
					"scale": {
						"0.0": [1, 1, 1],
						"0.0833": [1, 1, 1],
						"0.2083": [1, 1, 0.92],
						"0.2917": [1, 1, 1.72],
						"0.375": [1, 1, 1.69],
						"0.4583": [1, 1, 1.72]
					}
				}
			}
		}
	}
}