{
	"format_version": "1.8.0",
	"animations": {
		"animation.op.d_hand.idle_main": {
			"loop": true,
			"animation_length": 3,
			"bones": {
				"movement2": {
					"rotation": {
						"0.0": [0, 0, 0],
						"0.75": [3.96194, -0.61446, 1.23388],
						"1.5": [-1.19003, -5.5844, 2.83169],
						"2.1667": [-4.17832, -3.58973, 2.68531],
						"3.0": [0, 0, 0]
					}
				},
				"movement": {
					"rotation": {
						"0.0": [-0.00238, 0.10901, -2.49762],
						"1.5": [7.49762, 0.10901, -2.49762],
						"3.0": [-0.00238, 0.10901, -2.49762]
					},
					"position": {
						"0.0": [0, 2.5, -1.75],
						"1.5": [0, 3.75, -1.25],
						"3.0": [0, 2.5, -1.75]
					}
				}
			}
		},
		"animation.op.d_hand.idle_detail": {
			"loop": true,
			"animation_length": 3,
			"bones": {
				"thumb_0": {
					"rotation": {
						"0.0": [0, 0, 0],
						"1.1667": [-5.22206, -0.34251, -9.13039],
						"3.0": [0, 0, 0]
					}
				},
				"thumb_1": {
					"rotation": {
						"0.0": [0, 0, 15],
						"1.1667": [0, 0, -10],
						"2.7917": [0, 0, 12.16],
						"2.8333": [0, 0, 15.23],
						"2.875": [0, 0, 13.3],
						"3.0": [0, 0, 15]
					}
				},
				"finger_0": {
					"rotation": {
						"0.0": [0, 0, 0],
						"0.375": [-2.5, 0, 0],
						"0.4167": [-1.78, 0, 0],
						"0.4583": [-3.06, 0, 0],
						"0.75": [-5, 0, 0],
						"1.625": [4.26, 0, 0],
						"1.6667": [5.7, 0, 0],
						"1.7083": [5.14, 0, 0],
						"2.1667": [10, 0, 0],
						"3.0": [0, 0, 0]
					}
				},
				"finger_1": {
					"rotation": {
						"0.0": [-7.5, 0, 0],
						"0.75": [-10, 0, 0],
						"1.5": [-20.29412, 0, 0],
						"2.1667": [-20, 0, 0],
						"2.5833": [-8.75, 0, 0],
						"3.0": [-7.5, 0, 0]
					}
				},
				"finger_2": {
					"rotation": {
						"0.0": [-5, 0, 0],
						"1.5": [5, 0, 0],
						"3.0": [-5, 0, 0]
					}
				},
				"finger_3": {
					"rotation": {
						"0.0": [-2.5, 0, 0],
						"0.75": [-10, 0, 0],
						"1.5": [0, 0, 0],
						"2.1667": [-2.77778, 0, 0],
						"3.0": [-2.5, 0, 0]
					}
				},
				"finger_4": {
					"rotation": {
						"0.0": [-5, 0, 0],
						"0.75": [5, 0, 0],
						"0.7917": [6.42, 0, 0],
						"0.8333": [5.85, 0, 0],
						"1.5": [12.64706, 0, 0],
						"2.1667": [10, 0, 0],
						"2.5": [4, 0, 0],
						"2.5417": [4.25, 0, 0],
						"2.5833": [2.5, 0, 0],
						"3.0": [-5, 0, 0]
					}
				},
				"finger_5": {
					"rotation": {
						"0.0": [0, 0, 0],
						"0.75": [-5, 0, 0],
						"0.7917": [-2.06, 0, 0],
						"0.8333": [-4.12, 0, 0],
						"2.1667": [10, 0, 0],
						"3.0": [0, 0, 0]
					}
				},
				"finger_6": {
					"rotation": {
						"0.0": [0, 0, 0],
						"1.1667": [12.5, 0, 0],
						"3.0": [0, 0, 0]
					}
				},
				"finger_7": {
					"rotation": {
						"0.0": [0, 0, 0],
						"0.75": [-7.5, 0, 0],
						"1.5": [2.88, 0, 0],
						"1.5417": [5.96, 0, 0],
						"1.5833": [4.04, 0, 0],
						"1.8333": [7.5, 0, 0],
						"3.0": [0, 0, 0]
					}
				},
				"hand2": {
					"rotation": {
						"0.0": [-0.10912, 2.49762, -2.50238],
						"1.0": [1.63, -2.5, -0.98],
						"1.0417": [2.15166, -3.83456, -0.69973],
						"1.0833": [1.77, -2.92, -0.86],
						"1.125": [2.015, -3.13, -0.8],
						"1.1667": [1.91, -3.34, -0.74],
						"1.5": [2.50954, -4.99523, -0.21865],
						"2.2917": [-1.37253, -1.04067, -1.42395],
						"3.0": [-0.10912, 2.49762, -2.50238]
					}
				}
			}
		}
	}
}