{
	"format_version": "1.8.0",
	"animations": {
		"animation.op.dk_lance.activate_main": {
			"loop": true,
			"animation_length": 1.33333,
			"bones": {
				"bone3": {
					"rotation": {
						"0.0": [0, 0, 0],
						"0.375": [7.5, 0, -15],
						"0.5": [-1.67924, -6.29043, 0.09185],
						"0.5833": [-2.59515, -10.31471, -0.73176],
						"0.6667": [-5.03445, -5.33421, -1.17718],
						"0.875": [-2.73335, -2.92152, -0.89213],
						"1.125": [0, 0, 0]
					},
					"position": {
						"0.0": [0, 0, 0],
						"0.375": [-0.475, -6.4, 0],
						"0.5": [2.08, 9.3, 1.8],
						"0.5833": [1.955, 8.3, 0.8],
						"0.6667": [1.71, 8.025, 1.2],
						"0.875": [0.66, 4.205, 0.625],
						"1.125": [0, 0, 0]
					}
				}
			}
		},
		"animation.op.dk_lance.activate_detail": {
			"loop": true,
			"animation_length": 2.1,
			"bones": {
                "skull": {
                    "position": {
                        "0.0": [0, 0, 0],
                        "0.1": [0, 0.5, 0],
                        "0.2": [0, 0, 0],
                        "0.3": [0, 0.5, 0],
                        "0.4": [0, 0, 0],
                        "0.5": [0, 0.5, 0],
                        "0.6": [0, 0, 0],
                        "0.7": [0, 0.5, 0],
                        "0.8": [0, 0, 0],
                        "0.9": [0, 0.5, 0],
                        "1.0": [0, 0, 0],
                        "1.1": [0, 0.5, 0],
                        "1.2": [0, 0, 0],
                        "1.3": [0, 0.5, 0],
                        "1.4": [0, 0, 0],
                        "1.5": [0, 0.5, 0],
                        "1.6": [0, 0, 0],
                        "1.7": [0, 0.5, 0],
                        "1.8": [0, 0, 0],
                        "1.9": [0, 0.5, 0],
                        "2.0": [0, 0, 0]
                    }
                },
				"lower_jaw": {
                    "position": {
                        "0.0": [0, 0, 0],
                        "0.25": [0, -0.3, 0],
                        "0.50": [0, 0, 0],
                        "0.75": [0, -0.3, 0],
                        "1.0": [0, 0, 0],
                        "1.25": [0, -0.3, 0],
                        "1.5": [0, 0, 0],
                        "1.75": [0, -0.3, 0],
                        "2.0": [0, 0, 0]
                    },
                    "rotation":{
                        "0.0": [0, 0, 0],
                        "1.0": [0, 0, 0],
                        "1.25": [0, 0, 5],
                        "1.6": [0, 0, -2],
                        "2.0": [0, 0, 0]
                    }
				}
			}
		}
	}
}