{
	"format_version": "1.8.0",
	"animations": {
		"animation.op.l_blade.activate_main": {
			"loop": true,
			"animation_length": 2.45833,
			"bones": {
				"movement2": {
					"rotation": {
						"0.0": [-156.85712, -3.64646, -33.04485],
						"0.25": [-156.67, -5.98, -31.58],
						"0.5833": [-156.41652, -9.09378, -29.61726],
						"1.25": [-156.39297, -8.62343, -29.44603],
						"1.375": [-181.21014, 4.05953, -111.78673],
						"1.8333": [-181.21, 4.06, -111.79],
						"1.9583": [-172.08, -20, -60],
						"2.1667": [-156.85712, -3.64646, -50],
						"2.4583": [-156.85712, -3.64646, -33.04485]
					},
					"position": {
						"0.0": [11, -2.35, -0.2],
						"0.25": [11, -1.885, -0.7],
						"0.5833": [11, -2.6, -0.2],
						"1.25": [11, -2.8, -0.2],
						"1.2917": [11, -2.8, -5.2],
						"1.3333": [10, -2.8, -7.2],
						"1.375": [4, 0.2, -11.2],
						"1.4583": [-7, 0.2, -3.2],
						"1.5": [-7, 0.2, -2.8],
						"1.5417": [-7, 0.2, -3.2],
						"1.8333": [-7, 0.2, -3.2],
						"1.9583": [-1, -1.3, -7.2],
						"2.0417": [5, -1.8, -7.2],
						"2.125": [10.3, -1.8, -3.9],
						"2.1667": [11, -3.05, -0.7],
						"2.4583": [11, -2.35, -0.2]
					}
				},
				"movement": {
					"rotation": {
						"1.25": [0, 0, 0],
						"1.2917": [50, 0, 50],
						"1.3333": [30, 0, 100],
						"1.375": [0, 0, 150],
						"1.5417": [0, 0, 200],
						"1.5833": [0, 0, 205],
						"1.625": [0, 0, 200],
						"1.8333": [0, 0, 200],
						"1.875": [-10, 0, 164.44],
						"1.9583": [50, 0, 93.33],
						"2.0417": [50, 0, 40],
						"2.0833": [40, 0, 20],
						"2.125": [30, 0, 10],
						"2.1667": [0, 0, 0]
					},
					"position": [0, 0, 0]
				}
			}
		}
	}
}