{
	"format_version": "1.8.0",
	"animations": {
		"animation.op.r_spear.activation": {
			"loop": true,
			"animation_length": 0.875,
			"bones": {
				"waist": {
					"rotation": {
						"0.0": [0, 40, 0],
						"0.375": [0, 57.5, 0],
						"0.5": [12.17543, 30.05771, -0.62499],
						"0.5833": [17.17543, 30.05771, -0.62499],
						"0.625": [12.17543, 30.05771, -0.62499],
						"0.875": [0, 40, 0]
					},
					"position": {
						"0.0": [0, 0, 0],
						"0.875": [0, 0, 0]
					}
				},
				"head": {
					"rotation": {
						"0.0": [0, -42.5, 0],
						"0.5": [-4.30963, -29.7174, 8.64388],
						"0.5833": [-6.81, -29.72, 8.64],
						"0.625": [4.19037, -29.7174, 8.64388],
						"0.6667": [-1.09, -31.85, 7.2],
						"0.75": [-4.154, -36.11, 4.32],
						"0.875": [0, -42.5, 0]
					}
				},
				"leftArm": {
					"rotation": {
						"0.0": [-57.27652, 6.3202, 4.04618],
						"0.5": [-79.77652, 6.3202, 4.04618],
						"0.625": [-79.77652, 6.3202, 4.04618],
						"0.875": [-57.27652, 6.3202, 4.04618]
					},
					"position": {
						"0.0": [0, 0, 0],
						"0.5": [-0.75, 0, -1],
						"0.625": [-0.75, 0, -1],
						"0.875": [0, 0, 0]
					}
				},
				"rightArm": {
					"rotation": {
						"0.0": [-41.23499, -9.93191, -14.48174],
						"0.5": [-52.5, 0, 0],
						"0.625": [-52.26198, -5.94383, -4.58217],
						"0.875": [-41.23499, -9.93191, -14.48174]
					}
				},
				"leftLeg": {
					"rotation": {
						"0.0": [-7.47178, -0.65182, -4.95744],
						"0.875": [-7.47178, -0.65182, -4.95744]
					}
				},
				"rightLeg": {
					"rotation": {
						"0.0": [12.48848, -0.54094, 2.44081],
						"0.875": [12.48848, -0.54094, 2.44081]
					}
				}
			}
		}
	}
}