{
	"format_version": "1.8.0",
	"animations": {
		"animation.op.ch_lantern.activation": {
			"loop": true,
			"animation_length": 1.08333,
			"bones": {
				"waist": {
					"rotation": {
						"0.0": [0, 0, 0],
						"0.25": [-5, 7.5, 0],
						"0.4167": [2.5, -20, 0],
						"0.5": [5.04277, -22.49758, -0.11799],
						"0.5833": [2.5, -20, 0],
						"0.6667": [2.5, -20, 0],
						"0.9167": [0, 0, 0]
					}
				},
				"head": {
					"rotation": {
						"0.0": [0, 0, 0],
						"0.25": [7.5, -7.5, 0],
						"0.4167": [-4.29, 3.93, 0],
						"0.5": [0.71, 3.93, 0],
						"0.5833": [7.57, 3.145, 0],
						"0.6667": [1.93, 2.36, 0],
						"0.9167": [0, 0, 0]
					}
				},
				"leftArm": {
					"rotation": {
						"0.0": [0, 0, 0],
						"0.25": [-25, 0, 0],
						"0.5417": [44.59019, -10.28859, -22.90981],
						"0.9167": [0, 0, 0]
					}
				},
				"rightArm": {
					"rotation": {
						"0.0": [-30, 0, 0],
						"0.25": [-10.10362, -1.61888, 7.32417],
						"0.4167": [-122.74227, 18.35981, 6.3862],
						"0.6667": [-92.65015, 10.86809, 6.75054],
						"1.0833": [-30, 0, 0]
					}
				}
			}
		},
		"animation.op.ch_lantern.idle": {
			"loop": true,
			"animation_length": 3,
			"bones": {
				"waist": {
					"position": {
						"0.0": [0, -0.25, 0],
						"0.75": [0, 0, 0],
						"2.1667": [0, -0.425, 0],
						"3.0": [0, -0.25, 0]
					}
				},
				"head": {
					"rotation": {
						"0.0": [0, 0, 0],
						"1.5": [2.5, 0, 0],
						"3.0": [0, 0, 0]
					}
				},
				"leftArm": {
					"rotation": {
						"0.0": [0, 0, 0],
						"0.75": [0, 0, -2],
						"2.1667": [0, 0, -5],
						"3.0": [0, 0, 0]
					}
				},
				"rightArm": {
					"rotation": {
						"0.0": [-31.475, 0, 0],
						"0.75": [-32.95009, 1.36038, 4.09766],
						"2.1667": [-29.95139, -1.24876, 3.83405],
						"3.0": [-31.475, 0, 0]
					}
				}
			}
		}
	}
}