{
	"format_version": "1.8.0",
	"animations": {
		"animation.op.f_crystal.activation": {
			"loop": true,
			"animation_length": 1.08333,
			"bones": {
				"waist": {
					"rotation": {
						"0.0": [0, 0, 0],
						"0.1667": [30, 0, 0],
						"0.375": [-15, 0, 0],
						"0.625": [-12.5, 0, 0]
					},
					"position": {
						"0.0": [0, 0, 0],
						"0.1667": [0, -0.5, 0],
						"0.375": [0, 0.5, 0],
						"0.625": [0, 0, 0]
					}
				},
				"head": {
					"rotation": {
						"0.0": [0, 0, 0],
						"0.125": [10, 0, 0],
						"0.25": [-6.25, 0, 0],
						"0.4583": [-12.5, 0, 0],
						"0.7917": [0, 0, 0]
					}
				},
				"leftArm": {
					"rotation": {
						"0.0": [0, 0, 0],
						"0.25": [-11.9384, 3.7317, -17.1097],
						"0.4583": [27.5, 0, 0],
						"0.625": [22.5, 0, 0]
					}
				},
				"rightArm": {
					"rotation": {
						"0.0": [-42.47283, -1.68868, -1.84373],
						"0.1667": [-43.39496, -5.11831, 4.80276],
						"0.375": [-152.5, 0, 0]
					}
				},
				"leftLeg": {
					"rotation": {
						"0.0": [0, 0, 0],
						"0.1667": [-7.4929, 0.3262, -2.4786]
					}
				},
				"rightLeg": {
					"rotation": {
						"0.0": [0, 0, 0],
						"0.1667": [12.4885, 0.5409, 2.4408],
						"0.375": [22.4807, 0.9564, 2.3099]
					}
				}
			}
		}
	}
}