{
	"format_version": "1.8.0",
	"animations": {
		"animation.op.p_swamp.activation": {
			"loop": true,
			"animation_length": 2.25,
			"bones": {
				"waist": {
					"rotation": {
						"0.0": [0, 0, 0],
						"0.1667": [10, 3.33333, 0],
						"0.375": [0, 7.5, 0],
						"0.5833": [0, -30, 0],
						"0.75": [-2.88066, -29.8742, 5.76863],
						"0.9583": [-8.99557, 2.18849, 0.2088],
						"1.1667": [-9.69655, 21.92862, -3.09605],
						"1.375": [0, 0, 0],
						"1.5833": [0, 0, 2.5],
						"1.8333": [0, 0, 0]
					}
				},
				"head": {
					"rotation": {
						"0.0": [0, 0, 0],
						"0.375": [0, -7.5, 0],
						"0.5833": [0, 27.5, 0],
						"0.75": [3.88714, 27.24513, 8.44236],
						"1.1667": [3.42476, -0.50097, 11.63963],
						"1.5": [3.41701, 0.55142, -5.82895],
						"1.7083": [3.4597, 0.10097, 1.65766],
						"1.8333": [0, 0, 0]
					}
				},
				"leftArm": {
					"rotation": {
						"0.0": [0, 0, 0],
						"0.375": [-12.31594, -2.15393, -9.76758],
						"0.5833": [7.97789, -0.09862, -24.62979],
						"0.9583": [-14.02238, -3.81656, -39.17281],
						"1.375": [-11.92367, -8.35095, -58.76873],
						"1.7083": [18.03915, -1.35055, -29.471],
						"2.0833": [0, 0, 0]
					}
				},
				"rightArm": {
					"rotation": {
						"0.0": [-42.5, 0, 0],
						"0.1667": [-35.35831, 3.12921, 0.26912],
						"0.375": [-35.18119, 7.04071, 0.60552],
						"0.5833": [-68.18119, 7.04071, 0.60552],
						"0.75": [-123.95803, -30.29534, 4.25599],
						"0.9583": [-166.45803, -30.29534, 4.25599],
						"1.1667": [-144.3584, -26.28058, -20.94135],
						"1.375": [-100.14507, 13.75162, -35.61491],
						"1.5833": [-46.85, 0, 0],
						"1.7083": [-30.45386, 5.29571, 5.31847],
						"1.8333": [-42.5, 0, 0]
					}
				},
				"leftLeg": {
					"rotation": {
						"0.0": [0, 0, 0],
						"0.375": [0, 0, 0],
						"0.5833": [14.94548, 1.29256, -4.83045],
						"2.0417": [14.94548, 1.29256, -4.83045],
						"2.25": [0, 0, 0]
					}
				},
				"rightLeg": {
					"rotation": {
						"0.0": [0, 0, 0],
						"0.2083": [-22.5, 0, 0],
						"1.7083": [-22.5, 0, 0],
						"1.9167": [0, 0, 0]
					}
				}
			}
		}
	}
}