{
	"format_version": "1.8.0",
	"animations": {
		"animation.op.dk_knights.activation": {
			"loop": true,
			"animation_length": 1.5,
			"bones": {
				"waist": {
					"rotation": {
						"0.0": [0, 0, 0],
						"0.25": [27.5, 0, 0],
						"0.7083": [-12.5, 0, 0],
						"0.875": [-2.5, 0, 0]
					}
				},
				"head": {
					"rotation": {
						"0.0": [0, 0, 0],
						"0.25": [17.5, 0, 0],
						"0.7083": [-15, 0, 0],
						"1.0": [0, 0, 0]
					}
				},
				"leftArm": {
					"rotation": {
						"0.0": [0, 0, 0],
						"0.25": [-46.50931, 11.00072, 10.26078],
						"0.7083": [-149.00931, 11.00072, 10.26078],
						"1.0833": [-146.1309, 9.61418, 12.37523]
					}
				},
				"rightArm": {
					"rotation": {
						"0.0": [0, 0, 0],
						"0.25": [-41.57337, -19.05681, -20.20848],
						"0.5": [-143.21918, -13.99545, -14.43276],
						"0.875": [-140.26669, -12.40485, -16.41391]
					}
				}
			}
		}
	}
}