{
	"format_version": "1.8.0",
	"animations": {
		"animation.op.n_staff.activation": {
			"loop": true,
			"animation_length": 1.20833,
			"bones": {
				"waist": {
					"rotation": {
						"0.0": [0, 0, 0],
						"0.25": [0, 25, 0],
						"0.3333": [0, 25, 0],
						"0.4583": [2.75806, 24.97457, 1.16524],
						"0.5": [0, 25, 0],
						"0.875": [0, 25, 0],
						"1.2083": [0, 0, 0]
					},
					"position": {
						"0.4583": [0, 0, 0],
						"0.5": [0, 0.2, 0],
						"0.5417": [0, 0, 0],
						"0.875": [0, 0, 0]
					}
				},
				"head": {
					"rotation": {
						"0.0": [0, 0, 0],
						"0.25": [0, -22.5, 0],
						"0.3333": [0, -22.5, 0],
						"0.5": [0, -22.5, 0],
						"0.5417": [-2.5, -22.5, 0],
						"0.6667": [0, -22.5, 0],
						"0.875": [0, -22.5, 0],
						"1.2083": [0, 0, 0]
					}
				},
				"leftArm": {
					"rotation": {
						"0.0": [0, 0, 0],
						"0.25": [-61.9368, 9.94163, 7.44356],
						"0.3333": [-61.9368, 9.94163, 7.44356],
						"0.875": [-61.94, 9.94, 7.44],
						"1.0833": [0, 0, 0]
					},
					"position": {
						"0.5417": [0, 0, 0],
						"0.5833": [0, 0, 0.5],
						"0.7083": [0, 0, 0],
						"0.875": [0, 0, 0]
					}
				},
				"rightArm": {
					"rotation": {
						"0.0": [-37.5, 0, 0],
						"0.25": [-48.39339, -20.70481, -22.20765],
						"0.875": [-48.39339, -20.70481, -22.20765],
						"1.2083": [-37.5, 0, 0]
					},
					"position": {
						"0.5": [0, 0, 0],
						"0.5417": [0, 0, 0.25],
						"0.6667": [0, 0, 0],
						"0.875": [0, 0, 0]
					}
				},
				"rightLeg": {
					"rotation": {
						"0.0": [0, 0, 0],
						"0.25": [10.9643, 8.92984, 6.73586],
						"0.7083": [10.9643, 8.92984, 6.73586],
						"0.875": [0, 0, 0],
						"1.2083": [0, 0, 0]
					}
				}
			}
		}
	}
}