{
	"format_version": "1.8.0",
	"animations": {
		"animation.op.ce_galaxy.activation": {
			"loop": true,
			"animation_length": 1,
			"bones": {
				"waist": {
					"rotation": {
						"0.0": [0, 0, 0],
						"0.25": [27.5, 0, 0],
						"0.7083": [-7.5, 0, 0],
						"0.875": [-2.5, 0, 0]
					}
				},
				"head": {
					"rotation": {
						"0.0": [0, 0, 0],
						"0.25": [17.5, 0, 0],
						"0.7083": [-15, 0, 0],
						"1.0": [0, 0, 0]
					}
				},
				"leftArm": {
					"rotation": {
						"0.0": [0, 0, 0],
						"0.25": [-40.8858, 26.66838, 27.40215],
						"0.5": [-120.96456, 33.06798, -2.537],
						"0.7083": [-90.73423, 25.82334, 12.69393],
						"0.875": [-101.22195, 34.56045, 12.41952]
					}
				},
				"rightArm": {
					"rotation": {
						"0.0": [0, 0, 0],
						"0.25": [-40.144, -22.32924, -24.25046],
						"0.5": [-115.59138, -27.67133, -7.81661],
						"0.7083": [-96.19351, -32.99164, -15.58651],
						"0.875": [-104.69186, -34.48783, -11.6673]
					}
				}
			}
		}
	}
}