{
	"format_version": "1.8.0",
	"animations": {
		"animation.op.dk_lance.activation": {
			"loop": true,
			"animation_length": 1.125,
			"bones": {
				"waist": {
					"rotation": {
						"0.0": [0, 0, 0],
						"0.375": [0, 20, 0],
						"0.5": [15.83112, -22.14221, -2.78119],
						"0.5833": [18.33112, -22.14221, -2.78119],
						"0.6667": [15.83112, -22.14221, -2.78119],
						"1.125": [0, 0, 0]
					}
				},
				"head": {
					"rotation": {
						"0.0": [0, 0, 0],
						"0.375": [10, -17.5, 0],
						"0.5": [-14.73567, 13.96673, -8.23884],
						"0.6667": [-14.73545, 21.85394, -7.70651],
						"1.125": [0, 0, 0]
					}
				},
				"leftArm": {
					"rotation": {
						"0.0": [0, 0, 0],
						"0.375": [-61.93319, -11.06861, -5.84485],
						"0.5": [17.27651, -1.89234, -20.85914],
						"0.6667": [19.83987, -1.14845, -23.24676],
						"1.125": [0, 0, 0]
					}
				},
				"rightArm": {
					"rotation": {
						"0.0": [0, 0, 0],
						"0.375": [27.58957, -4.43385, -2.31336],
						"0.5": [-50.36792, 10.50568, 1.35253],
						"0.5833": [-40.36792, 10.50568, 1.35253],
						"0.6667": [-37.86792, 10.50568, 1.35253],
						"1.125": [0, 0, 0]
					}
				},
				"leftLeg": {
					"rotation": {
						"0.0": [0, 0, 0],
						"0.375": [-7.5, 0, 0],
						"0.5": [30, 0, 0],
						"0.6667": [30, 0, 0],
						"0.9167": [0, 0, 0]
					}
				},
				"rightLeg": {
					"rotation": {
						"0.0": [0, 0, 0],
						"0.375": [20, 0, 0],
						"0.5": [-20, 0, 0],
						"0.6667": [-20, 0, 0],
						"1.0": [0, 0, 0]
					}
				}
			}
		}
	}
}