{
	"format_version": "1.8.0",
	"animations": {
		"animation.op.r_gauntlets.activation": {
			"loop": true,
			"animation_length": 0.95833,
			"bones": {
				"waist": {
					"rotation": {
						"0.0": [0, 0, 0],
						"0.2917": [0, 32.5, 0],
						"0.4167": [22.5, -22.5, 0],
						"0.4583": [25.4228, -24.80622, -1.0537],
						"0.5": [22.5, -22.5, 0],
						"0.6667": [22.5, -22.5, 0],
						"0.9583": [0, 0, 0]
					}
				},
				"head": {
					"rotation": {
						"0.0": [0, 0, 0],
						"0.2917": [0, -30, 0],
						"0.4167": [0, 22.5, 0],
						"0.4583": [1.03509, 22.47741, 2.70569],
						"0.5": [-1.03509, 22.47741, -2.70569],
						"0.5417": [0, 22.5, 0],
						"0.6667": [0, 22.5, 0],
						"0.9583": [0, 0, 0]
					}
				},
				"leftArm": {
					"rotation": {
						"0.0": [0, 0, 0],
						"0.2917": [-67.74912, 33.901, -92.94424],
						"0.5": [60.69284, 16.88547, 4.6653],
						"0.75": [60.69284, 16.88547, 4.6653],
						"0.9583": [0, 0, 0]
					}
				},
				"rightArm": {
					"rotation": {
						"0.0": [-54.35, 0, 0],
						"0.2917": [-1.80341, 15.87793, 90.99691],
						"0.4167": [-72.25341, 15.87793, 90.99691],
						"0.6667": [-72.25341, 15.87793, 90.99691],
						"0.9583": [-54.35, 0, 0]
					}
				},
				"leftLeg": {
					"rotation": {
						"0.0": [0, 0, 0],
						"0.2917": [-12.5, 0, 0],
						"0.4167": [22.4229, -1.9113, -4.6211],
						"0.6667": [22.4229, -1.9113, -4.6211],
						"0.8333": [22.4229, -1.9113, -4.6211],
						"0.9583": [0, 0, 0]
					}
				},
				"rightLeg": {
					"rotation": {
						"0.0": [0, 0, 0],
						"0.2917": [0, 0, 0],
						"0.4167": [-9.9907, -0.434, 2.4621],
						"0.6667": [-9.9907, -0.434, 2.4621],
						"0.8333": [0, 0, 0]
					}
				}
			}
		}
	}
}