{
	"format_version": "1.8.0",
	"animations": {
		"animation.op.s_sword.activation": {
			"loop": true,
			"animation_length": 1.29167,
			"bones": {
				"waist": {
					"rotation": {
						"0.0": [0, 0, 0],
						"0.25": [-2.56899, 22.65273, 5.73904],
						"0.4583": [25.6, -29.91, 0.79],
						"0.5": [28.75782, -32.15845, -0.48568],
						"0.5417": [25.6, -29.91, 0.79],
						"0.625": [25.875, -32.3, 0],
						"0.7083": [25.875, -32.3, 0],
						"1.0": [0, 0, 0]
					},
					"position": {
						"0.4583": [0, 0, 0],
						"0.5": [0, -0.25, 0],
						"0.5417": [0, 0, 0]
					}
				},
				"head": {
					"rotation": {
						"0.0": [0, 0, 0],
						"0.25": [-10.58507, -21.41739, -6.24732],
						"0.4583": [-10.41396, 23.72844, -9.30927],
						"0.5417": [-2.05171, 19.03308, -4.4308],
						"0.625": [-5.22435, 21.26427, -8.81892],
						"0.7083": [-5.22435, 21.26427, -8.81892],
						"1.0": [0, 0, 0]
					}
				},
				"leftArm": {
					"rotation": {
						"0.0": [0, 0, 0],
						"0.2917": [5, 0, -12.5],
						"0.4583": [23.03738, 0.74571, -21.17605],
						"0.5417": [24.2, 0.62, -17.65],
						"0.625": [29.69978, 9.50093, -13.98432],
						"0.7083": [29.69978, 9.50093, -13.98432],
						"1.2083": [0, 0, 0]
					}
				},
				"rightArm": {
					"rotation": {
						"0.0": [-45, 0, 0],
						"0.2083": [-138.23267, 42.30053, 4.56615],
						"0.2917": [-138.23267, 42.30053, 4.56615],
						"0.375": [-79.39162, 8.05703, -3.64173],
						"0.4583": [-77.26427, -19.20876, 18.88681],
						"0.5417": [-75.4927, -33.79318, 14.94993],
						"0.625": [-74.54585, -38.62362, 13.34856],
						"0.7083": [-74.54585, -38.62362, 13.34856],
						"1.0": [-45, 0, 0]
					}
				},
				"leftLeg": {
					"rotation": {
						"0.0": [0, 0, 0],
						"0.2083": [8.10941, -13.79771, -9.79904],
						"0.9583": [8.10941, -13.79771, -9.79904],
						"1.1667": [0, 0, 0]
					}
				},
				"rightLeg": {
					"rotation": {
						"0.0": [0, 0, 0],
						"0.2083": [0, 0, 0],
						"0.3333": [0.00933, 0.43399, 2.46207],
						"0.4167": [0.00933, 0.43399, 2.46207],
						"0.6667": [0.00933, 0.43399, 2.46207],
						"0.875": [0, 0, 0]
					}
				}
			}
		}
	}
}