{
	"format_version": "1.8.0",
	"animations": {
		"animation.op.f_dagger.activation": {
			"loop": true,
			"animation_length": 1.16667,
			"bones": {
				"waist": {
					"rotation": {
						"0.0": [0, 0, 0],
						"0.375": [0, 20, 0],
						"0.5417": [2.5, -22.5, 0],
						"0.5833": [5.64321, -18.1223, -0.08414],
						"0.625": [3.78642, -13.7446, -0.16827],
						"0.7083": [0, 0, 0]
					},
					"position": {
						"0.0": [0, 0, 0],
						"0.7083": [0, 0, 0]
					}
				},
				"head": {
					"rotation": {
						"0.0": [0, 0, 0],
						"0.375": [0, -15, 0],
						"0.5417": [0, 12.5, 0],
						"0.625": [-5, 6.25, 0],
						"0.7083": [0, 0, 0]
					}
				},
				"leftArm": {
					"rotation": {
						"0.0": [0, 0, 0],
						"0.375": [-16.73634, -5.188, -16.73634],
						"0.7083": [25.76366, -5.188, -16.73634],
						"0.9583": [0, 0, 0]
					}
				},
				"rightArm": {
					"rotation": {
						"0.0": [-42.5, 0, 0],
						"0.375": [43.27832, -22.36078, 7.24736],
						"0.5417": [-75.22842, 2.04005, 12.82124],
						"0.7083": [-42.5, 0, 0]
					}
				},
				"leftLeg": {
					"rotation": {
						"0.0": [0, 0, 0],
						"0.375": [0, 0, 0],
						"0.5417": [12.5, 0, 0],
						"0.7083": [0, 0, 0]
					}
				},
				"rightLeg": {
					"rotation": {
						"0.0": [0, 0, 0],
						"0.2083": [0, 0, 0],
						"0.375": [-17.5, 0, 0],
						"0.7083": [-17.5, 0, 0],
						"0.875": [0, 0, 0]
					}
				}
			}
		}
	}
}