{
	"format_version": "1.8.0",
	"animations": {
		"animation.op.ch_hammer.activation": {
			"loop": true,
			"animation_length": 2.70833,
			"bones": {
				"waist": {
					"rotation": {
						"0.0": [0, 0, 0],
						"0.2083": [0, 0, 0],
						"0.375": [24.94459, -26.16576, -10.47504],
						"0.4583": [-4.04074, -28.11588, 8.30726],
						"0.625": [-19.03717, -5.37244, -8.58289],
						"0.7083": [14.75102, -5.72816, -3.43558],
						"0.7917": [33.45771, -6.37916, -11.19625],
						"0.875": [70.75671, -6.15165, -8.09841],
						"0.9583": [69.67422, -8.97087, 6.29976],
						"1.0": [71.67, -8.97, 6.3],
						"1.0417": [69.67, -8.97, 6.3],
						"1.0833": [70.67, -8.97, 6.3],
						"1.125": [69.67, -8.97, 6.3],
						"1.1667": [69.67422, -8.97087, 6.29976],
						"1.5833": [53.9, -12.46, -5.18],
						"2.25": [0, 0, 0]
					},
					"position": {
						"0.4583": [0, 0, 0],
						"0.625": [0, 7, 0],
						"0.7083": [0, 10, 0],
						"0.875": [0, 0, 0]
					}
				},
				"head": {
					"rotation": {
						"0.0": [0, 0, 0],
						"0.375": [0.70665, 27.81789, -9.27894],
						"0.5417": [6.6996, 20.43376, 3.56968],
						"0.7083": [-32.35983, 7.25172, 0.89396],
						"0.7917": [-22.52654, 3.34935, 7.5226],
						"1.0": [10, 0, 0],
						"1.0833": [0, 0, 0],
						"1.1667": [2.5, 0, 0],
						"1.25": [0, 0, 0],
						"1.3333": [0, 0, 0],
						"1.6667": [-32.5, 0, 0],
						"2.0417": [17.5, 0, 0],
						"2.4167": [0, 0, 0]
					}
				},
				"leftArm": {
					"rotation": {
						"0.0": [0, 0, 0],
						"0.2083": [-44.15139, 27.84799, 21.99067],
						"0.625": [-150.04946, 47.29696, -7.34807],
						"0.875": [-79.15139, 27.84799, 21.99067],
						"1.5833": [-79.15, 27.85, 21.99],
						"2.0417": [12.5, 0, -17.5],
						"2.4167": [0, 0, 0]
					}
				},
				"rightArm": {
					"rotation": {
						"0.0": [-46.81472, 9.18229, 8.51814],
						"0.2083": [-19.70799, -54.90538, 6.67337],
						"0.4583": [-113.6055, -34.94472, 6.39518],
						"0.625": [-117.87052, -21.63761, 6.20973],
						"0.875": [-53.31854, -45.01587, 4.64024],
						"1.1667": [-53.32, -45.02, 4.64],
						"1.5833": [-31.25845, -25.74101, 10.74073],
						"2.25": [-46.81472, 9.18229, 8.51814]
					}
				},
				"leftLeg": {
					"rotation": {
						"0.0": [0, 0, 0],
						"0.2083": [0, 0, 0],
						"0.375": [-7.75926, 0.03446, -17.08918],
						"0.5833": [-0.25926, 0.03446, -17.08918],
						"0.7083": [-67.75926, 0.03446, -17.08918],
						"0.8333": [-22.04498, 0.03446, -17.08918],
						"1.0": [9.74074, 0.03446, -17.08918],
						"1.9167": [9.74, 0.03, -17.09],
						"2.25": [0, 0, 0]
					},
					"position": {
						"0.4583": [0, 0, 0],
						"0.625": [0, 7, 0],
						"0.7083": [0, 10, 0],
						"0.875": [0, 0, 0]
					}
				},
				"rightLeg": {
					"rotation": {
						"0.0": [0, 0, 0],
						"0.375": [0, 0, 0],
						"0.4583": [10.08513, -7.8195, 1.15233],
						"0.625": [35.08513, -7.8195, 1.15233],
						"0.7083": [-42.41487, -7.8195, 1.15233],
						"0.8333": [-48.06574, -8.37205, 5.66544],
						"1.0": [6.50034, -8.74041, 8.67418],
						"2.25": [6.5, -8.74, 8.67],
						"2.4167": [0, 0, 0]
					},
					"position": {
						"0.4583": [0, 0, 0],
						"0.625": [0, 7, 0],
						"0.7083": [0, 10, 0],
						"0.875": [0, 0, 0]
					}
				}
			}
		},
		"animation.op.ch_hammer.idle": {
			"loop": true,
			"animation_length": 3,
			"bones": {
				"waist": {
					"position": {
						"0.0": [0, -0.25, 0],
						"0.75": [0, 0, 0],
						"2.1667": [0, -0.425, 0],
						"3.0": [0, -0.25, 0]
					}
				},
				"head": {
					"rotation": {
						"0.0": [0, 0, 0],
						"1.5": [2.5, 0, 0],
						"3.0": [0, 0, 0]
					}
				},
				"leftArm": {
					"rotation": {
						"0.0": [0, 0, 0],
						"0.75": [0, 0, -2],
						"2.1667": [0, 0, -5],
						"3.0": [0, 0, 0]
					}
				},
				"rightArm": {
					"rotation": {
						"0.0": [-42.75, 10.45, 9],
						"0.75": [-40.25, 10.45, 9],
						"2.1667": [-45.25, 10.45, 9],
						"3.0": [-42.75, 10.45, 9]
					}
				}
			}
		}
	}
}