{
	"format_version": "1.8.0",
	"animations": {
		"animation.op.n_sword.activation": {
			"loop": true,
			"animation_length": 1.91667,
			"bones": {
				"waist": {
					"rotation": {
						"0.0": [0, 0, 0],
						"0.2917": [-2.56899, 22.65273, 5.73904],
						"0.375": [-2.56899, 22.65273, 5.73904],
						"0.7083": [25.6, -29.91, 0.79],
						"0.75": [28.75782, -32.15845, -0.48568],
						"0.7917": [25.6, -29.91, 0.79],
						"0.8333": [24.34192, -32.16333, 3.05535],
						"0.875": [25.30004, -32.7319, 1.0696],
						"1.0417": [25.875, -32.3, 0],
						"1.1667": [25.875, -32.3, 0],
						"1.7083": [0, 0, 0]
					},
					"position": {
						"0.7083": [0, 0, 0],
						"0.75": [0, -0.25, 0],
						"0.7917": [0, 0, 0]
					}
				},
				"head": {
					"rotation": {
						"0.0": [0, 0, 0],
						"0.2917": [-10.58507, -21.41739, -6.24732],
						"0.375": [-10.58507, -21.41739, -6.24732],
						"0.7083": [-10.41396, 23.72844, -9.30927],
						"0.7917": [-2.05171, 19.03308, -4.4308],
						"0.875": [-5.22435, 21.26427, -8.81892],
						"1.0417": [-5.22435, 21.26427, -8.81892],
						"1.1667": [-5.22435, 21.26427, -8.81892],
						"1.7083": [0, 0, 0]
					}
				},
				"leftArm": {
					"rotation": {
						"0.0": [0, 0, 0],
						"0.2917": [-128.80339, 14.72029, -22.01265],
						"0.375": [-128.80339, 14.72029, -22.01265],
						"0.7083": [-89.19314, 48.24292, -20.58113],
						"0.875": [-74.29077, 40.74357, -20.72013],
						"1.0417": [-74.29077, 40.74357, -20.72013],
						"1.1667": [-74.29077, 40.74357, -20.72013],
						"1.9167": [0, 0, 0]
					}
				},
				"rightArm": {
					"rotation": {
						"0.0": [-52.5, 0, 0],
						"0.2917": [-128.99808, 9.40193, 35.28022],
						"0.375": [-128.99808, 9.40193, 35.28022],
						"0.4583": [-133.23267, 42.30053, 4.56615],
						"0.625": [-86.89162, 8.05703, -3.64173],
						"0.7083": [-86.8916, -19.20876, 18.88681],
						"0.7917": [-86.8916, -32.55741, 15.11258],
						"0.875": [-86.8916, -36.21106, 14.17397],
						"1.0417": [-86.8916, -36.21106, 14.17397],
						"1.1667": [-86.8916, -36.21106, 14.17397],
						"1.7083": [-52.5, 0, 0]
					}
				},
				"leftLeg": {
					"rotation": {
						"0.0": [0, 0, 0],
						"0.2917": [5.01882, -7.03631, -5.63535],
						"0.375": [5.01882, -7.03631, -5.63535],
						"0.7083": [18.91999, -7.21036, -16.89871],
						"1.0": [18.91999, -7.21036, -16.89871],
						"1.25": [0, 0, 0]
					}
				},
				"rightLeg": {
					"rotation": {
						"0.0": [0, 0, 0],
						"0.2917": [0, 0, 0],
						"0.375": [0, 0, 0],
						"0.7083": [0, 0, 0],
						"1.0": [0, 0, 5],
						"1.25": [0, 0, 5],
						"1.4167": [0, 0, 0]
					}
				}
			}
		}
	}
}