{
	"format_version": "1.8.0",
	"animations": {
		"animation.op.ce_wand.activation": {
			"loop": true,
			"animation_length": 1.95833,
			"bones": {
				"waist": {
					"rotation": {
						"0.0417": [0, 0, 0],
						"0.375": [0, 0, -2.5],
						"0.7083": [0, 0, 2.5],
						"1.0417": [0, 0, -2.5],
						"1.375": [0, 0, 2.5],
						"1.75": [0, 0, 0]
					}
				},
				"head": {
					"rotation": {
						"0.0417": [0, 0, 0],
						"0.2083": [0, 0, 3.75],
						"0.375": [0, 0, 2.5],
						"0.5417": [0, 0, -2.5],
						"0.7083": [0, 0, -2.5],
						"0.875": [0, 0, 2.5],
						"1.0417": [0, 0, 2.5],
						"1.2083": [0, 0, -2.5],
						"1.375": [0, 0, -2.5],
						"1.5417": [0, 0, 0.83333],
						"1.875": [0, 0, 0]
					}
				},
				"leftArm": {
					"rotation": {
						"0.0417": [0, 0, 0],
						"0.375": [0, 0, -7.5],
						"0.7083": [0, 0, -5],
						"1.2083": [0, 0, -10],
						"1.5417": [0, 0, -7.5],
						"1.75": [0, 0, -10],
						"1.9583": [0, 0, 0]
					}
				},
				"rightArm": {
					"rotation": {
						"0.0": [-37.775, 0, 0],
						"0.1667": [-59.33634, 12.2403, 8.73739],
						"0.3333": [-82.19618, -2.20205, 4.6587],
						"0.5": [-69.1123, -16.80009, 1.15117],
						"0.6667": [-55.29035, -5.76054, 7.14047],
						"0.8333": [-62.8968, 3.11987, 11.74395],
						"1.0": [-75.19031, -8.63312, 7.47505],
						"1.1667": [-64.59457, -23.49318, 5.3403],
						"1.3333": [-58.54749, -14.42189, 9.79663],
						"1.4583": [-66.79977, 3.90072, 17.88369],
						"1.5833": [-68.44499, -6.7122, 2.99677],
						"1.7083": [-37.775, 0, 0]
					}
				},
				"leftLeg": {
					"rotation": {
						"0.0417": [0, 0, 0],
						"0.2917": [10.9643, -8.92984, -6.73586],
						"1.5417": [10.96, -8.93, -6.74],
						"1.75": [0, 0, 0]
					}
				}
			}
		}
	}
}