{
	"format_version": "1.8.0",
	"animations": {
		"animation.op.d_axe.activation": {
			"loop": true,
			"animation_length": 2.41667,
            "anim_time_update": "query.anim_time + query.delta_time * (2.41667/1.9)",
			"bones": {
				"waist": {
					"rotation": {
						"0.0": [0, 0, 0],
						"0.375": [11.00192, 4.90856, 0.95304],
						"0.625": [7.61435, -9.91358, 6.18155],
						"0.875": [-7.79166, 18.52965, -5.07449],
						"1.125": [-16.8377, 17.14538, -10.11893],
						"1.25": [-7.79, 18.53, -5.07],
						"1.4167": [36.33914, -24.94169, -17.23442],
						"1.75": [36.33914, -24.94169, -17.23442],
						"2.2083": [0, 0, 0]
					},
					"position": {
						"0.875": [0, 0, 0],
						"1.25": [0, 0, 0],
						"1.3333": [0, 0.5, 0],
						"1.4167": [0, 0, 0],
						"1.5417": [0, 0.5, 0],
						"1.6667": [0, 0, 0]
					}
				},
				"head": {
					"rotation": {
						"0.0": [0, 0, 0],
						"0.375": [-7.5, 0, 0],
						"0.625": [-8.84179, 8.83866, -8.84179],
						"0.875": [-20.66518, -16.99725, 6.69352],
						"1.25": [-20.67, -17, 6.69],
						"1.4167": [10.27066, -0.56061, 0.59659],
						"1.75": [-17.22934, -0.56061, 0.59659],
						"2.2083": [0, 0, 0]
					}
				},
				"leftArm": {
					"rotation": {
						"0.0": [0, 0, 0],
						"0.375": [-39.75002, -2.99318, -12.04589],
						"0.625": [-54.19491, -19.37997, -36.04799],
						"0.875": [-9.8656, -13.1268, -71.79985],
						"1.25": [13.85845, -13.38805, -83.4044],
						"1.5417": [27.78297, -13.27496, -67.98694],
						"2.2083": [0, 0, 0]
					}
				},
				"rightArm": {
					"rotation": {
						"0.0": [-42.5, 0, 0],
						"0.375": [-59.3128, -8.80348, 8.90928],
						"0.875": [-130.17972, -3.0913, 4.02073],
						"1.25": [-124.95828, 11.59331, -1.82439],
						"1.375": [-128.58, 7.94, -10.22],
						"1.4583": [-51.8247, 5.51101, -15.82094],
						"1.75": [-45.97904, 20.08022, 5.78151],
						"2.2083": [-42.5, 0, 0]
					}
				},
				"leftLeg": {
					"rotation": {
						"0.0": [0, 0, 0],
						"0.375": [-17.5, 0, 0],
						"1.3333": [-17.5, 0, 0],
						"1.6667": [27.33095, 0, 0],
						"2.2083": [27.33095, 0, 0],
						"2.4167": [0, 0, 0]
					}
				},
				"rightLeg": {
					"rotation": {
						"0.0": [0, 0, 0],
						"0.375": [22.5, 0, 0],
						"1.3333": [22.5, 0, 0],
						"1.6667": [-12.5, 0, 0],
						"2.0833": [-12.5, 0, 0],
						"2.4167": [0, 0, 0]
					}
				}
			}
		}
	}
}