{
	"format_version": "1.8.0",
	"animations": {
		"animation.op.d_hand.activation": {
			"loop": true,
			"animation_length": 1.45833,
			"bones": {
				"body": {
					"position": {
						"0.0": [0, 0, 0],
						"0.375": [0, 0, 0],
						"0.5833": [0, 2, 0],
						"0.6667": [0, 0, 0]
					}
				},
				"waist": {
					"rotation": {
						"0.0": [0, 0, 0],
						"0.375": [15.50409, -14.47751, -3.96713],
						"0.5833": [-2.52805, -14.93766, -11.707],
						"0.6667": [-4.35898, -15.14294, -14.28787],
						"0.7083": [-3.44, -15.04, -13],
						"0.75": [-4.36046, -15.03499, -14.29515],
						"0.875": [-2.53, -14.94, -11.71],
						"1.2083": [0, 0, 0]
					},
					"position": {
						"0.0": [0, 0, 0],
						"0.375": [0, -0.5, 0],
						"0.5833": [0, 0.25, 0],
						"0.6667": [0, 0, 0]
					}
				},
				"head": {
					"rotation": {
						"0.0": [0, 0, 0],
						"0.2917": [15, 0, 0],
						"0.5833": [15, 0, 0],
						"0.6667": [-2.56062, -12.48791, 0.55404],
						"0.75": [-2.56, -12.49, 0.55],
						"0.8333": [-6.44439, -12.66481, -4.56989],
						"0.9167": [-2.56, -12.49, 0.55],
						"1.2083": [3.92591, -2.23859, 5.02646],
						"1.4583": [0, 0, 0]
					},
					"position": {
						"0.0": [0, 0, 0],
						"0.375": [0, 0, 0],
						"0.5833": [0, 2, 0],
						"0.6667": [0, 0, 0]
					}
				},
				"leftArm": {
					"rotation": {
						"0.0": [0, 0, 0],
						"0.5833": [-120, 0, 0],
						"0.6667": [-143.54466, -31.81666, 20.98998],
						"0.9167": [-143.54466, -31.81666, 20.98998],
						"1.2083": [-78.14133, -40.05403, 1.19538],
						"1.4583": [0, 0, 0]
					},
					"position": {
						"0.0": [0, 0, 0],
						"0.375": [0, 0, 0],
						"0.5833": [0, 2, 0],
						"0.6667": [0, 0, 0]
					}
				},
				"rightArm": {
					"rotation": {
						"0.0": [0, 0, 0],
						"0.2917": [-61.37298, -15.46973, -8.28342],
						"0.5": [-149.51732, 17.31475, -22.17615],
						"0.5833": [-149.8, 17.82, -23.09],
						"0.7083": [-155.97544, 19.79749, -26.7548],
						"0.7917": [-149.51732, 17.31475, -22.17615],
						"1.125": [-65.41435, 51.34305, 6.22451],
						"1.375": [0, 0, 0]
					},
					"position": {
						"0.0": [0, 0, 0],
						"0.375": [0, 0, 0],
						"0.5833": [0, 2, 0],
						"0.6667": [0, 0, 0]
					}
				},
				"leftLeg": {
					"rotation": {
						"0.0": [0, 0, 0],
						"0.5833": [0, 0, 0],
						"0.6667": [0, 0, -22.5],
						"1.0": [0, 0, -22.5],
						"1.2083": [0, 0, 0]
					},
					"position": {
						"0.0": [0, 0, 0],
						"0.375": [0, 0, 0],
						"0.5833": [0, 2, 0],
						"0.6667": [0, 0, 0]
					}
				},
				"rightLeg": {
					"rotation": {
						"0.0": [0, 0, 0],
						"0.5833": [0, 0, 0],
						"0.6667": [0, 0, 17.5],
						"1.2083": [0, 0, 17.5],
						"1.4583": [0, 0, 0]
					},
					"position": {
						"0.0": [0, 0, 0],
						"0.375": [0, 0, 0],
						"0.5833": [0, 2, 0],
						"0.6667": [0, 0, 0]
					}
				}
			}
		},
		"animation.op.d_hand.idle": {
			"loop": true,
			"animation_length": 3,
			"bones": {
				"waist": {
					"position": {
						"0.0": [0, -0.25, 0],
						"0.75": [0, 0, 0],
						"2.1667": [0, -0.425, 0],
						"3.0": [0, -0.25, 0]
					}
				},
				"head": {
					"rotation": {
						"0.0": [0, 0, 0],
						"1.5": [2.5, 0, 0],
						"3.0": [0, 0, 0]
					}
				},
				"leftArm": {
					"rotation": {
						"0.0": [0, 0, 0],
						"0.75": [0, 0, -2],
						"2.1667": [0, 0, -5],
						"3.0": [0, 0, 0]
					}
				},
				"rightArm": {
					"rotation": {
						"0.0": [-17.5, 0, 0],
						"1.5": [-20.12187, 3.20107, 1.49256],
						"3.0": [-17.5, 0, 0]
					}
				}
			}
		}
	}
}