{
	"format_version": "1.8.0",
	"animations": {
		"animation.op.l_blade.activation": {
			"loop": true,
			"animation_length": 2.45833,
			"bones": {
				"waist": {
					"rotation": {
						"0.0": [17.5, -27.5, 0],
						"0.5833": [22.5, -27.5, 0],
						"0.7917": [22.5, -27.5, 0],
						"1.25": [22.5, -27.5, 0],
						"1.375": [40, -27.5, 0],
						"1.4583": [44.60741, -17.36434, -11.9896],
						"1.5": [45.13254, -15.59897, -13.83734],
						"1.5833": [44.61, -17.36, -11.99],
						"1.8333": [44.60741, -17.36434, -11.9896],
						"2.1667": [22.5, -27.5, 0],
						"2.4583": [17.5, -27.5, 0]
					}
				},
				"head": {
					"rotation": {
						"0.0": [37.5, 0, 0],
						"0.5833": [37.5, 0, 0],
						"0.7917": [40, 0, 0],
						"1.25": [40, 0, 0],
						"1.375": [7.0738, 20.14913, 0.08263],
						"1.4583": [7.97876, 19.81902, 2.71671],
						"1.5": [-0.00674, 20.19577, -3.48241],
						"1.5833": [-13.22, 20.89, -7.89],
						"1.6667": [-11.30181, 21.95261, -2.64131],
						"1.8333": [-11.30181, 21.95261, -2.64131],
						"2.1667": [40, 0, 0],
						"2.4583": [37.5, 0, 0]
					}
				},
				"leftArm": {
					"rotation": {
						"0.0": [-22.09591, 14.81163, -10.7113],
						"1.25": [-22.09591, 14.81163, -10.7113],
						"1.375": [17.90409, 14.81163, -10.7113],
						"1.4583": [17.9, 14.81, -10.71],
						"1.8333": [17.9, 14.81, -10.71],
						"2.1667": [-22.09591, 14.81163, -10.7113]
					},
					"position": {
						"0.0": [-1, 2, 0],
						"0.25": [-1, 1.84, 0],
						"0.6667": [-1, 2.25, 0],
						"0.875": [-1, 2, 0],
						"1.25": [-1, 2, 0],
						"2.1667": [-1, 2, 0]
					}
				},
				"rightArm": {
					"rotation": {
						"0.0": [-36.81328, -22.91934, -15.62633],
						"1.25": [-36.81328, -22.91934, -15.62633],
						"1.375": [-97.70966, 29.30309, -13.54985],
						"1.4583": [-195.43295, 84.80612, -120.92508],
						"1.8333": [-195.43295, 84.80612, -120.92508],
						"2.1667": [-36.81328, -22.91934, -15.62633],
						"2.4583": [-36.81328, -22.91934, -15.62633]
					},
					"position": {
						"0.0": [0, 0, 0],
						"0.25": [0, 0.61, 0],
						"0.5833": [0, 0.25, 0],
						"0.7917": [0, 0, 0]
					}
				},
				"leftLeg": {
					"rotation": [32.5, 0, 0]
				},
				"rightLeg": {
					"rotation": [-25, 0, 0]
				}
			}
		}
	}
}