{
	"format_version": "1.8.0",
	"animations": {
		"animation.op.p_bow.activation": {
			"loop": true,
			"animation_length": 0.70833,
			"bones": {
				"Body": {
					"rotation": {
						"0.0": [0, 0, 0],
						"0.2917": [0, 0, 0],
						"0.5": [-1.17393, -37.3329, -6.293]
					}
				},
				"Head": {
					"rotation": {
						"0.0": [0, 0, 0],
						"0.2917": [12.5, 14.64286, 0],
						"0.5": [3.82607, -37.33289, -6.29298]
					}
				},
				"RightArm": {
					"rotation": {
						"0.0": [0, 0, 0],
						"0.2917": [3.42663, -19.05681, -20.20848],
						"0.5": [-33.8793, 24.17984, 17.66839]
					}
				},
				"LeftArm": {
					"rotation": {
						"0.0": [0, 0, 0],
						"0.2917": [-57.56424, 30.58184, 17.91705],
						"0.5": [-99.25843, 56.26677, -7.87828]
					},
					"position": {
						"0.2917": [0, 0, 0],
						"0.5": [-1.7, 0, -3.4]
					}
				},
				"RightLeg": {
					"rotation": {
						"0.0": [0, 0, 0],
						"0.2917": [-12.5, 0, 0],
						"0.5": [-12.5, 0, 0]
					}
				},
				"LeftLeg": {
					"rotation": {
						"0.0": [0, 0, 0],
						"0.2917": [0, 0, 0],
						"0.5": [15, 0, 0]
					}
				}
			}
		},
		"animation.op.p_bow.idle_main": {
			"loop": true,
			"animation_length": 3,
			"bones": {
				"waist": {
					"position": {
						"0.0": [0, -0.25, 0],
						"0.75": [0, 0, 0],
						"2.1667": [0, -0.425, 0],
						"3.0": [0, -0.25, 0]
					}
				},
				"head": {
					"rotation": {
						"0.0": [0, 0, 0],
						"1.5": [3, 0, 0],
						"3.0": [0, 0, 0]
					}
				},
				"leftArm": {
					"rotation": {
						"0.0": [0, 0, 0],
						"0.75": [-1.5, 0, -2],
						"2.1667": [1.5, 0, -5],
						"3.0": [0, 0, 0]
					}
				},
				"rightArm": {
					"rotation": {
						"0.0": [-52.1, 0, 0],
						"0.75": [-46.1, 0, 2],
						"2.1667": [-45.6, 0, 5],
						"3.0": [-52.1, 0, 0]
					}
				}
			}
		}
	}
}