{
	"format_version": "1.8.0",
	"animations": {
		"animation.op.s_sun.activation": {
			"loop": true,
			"animation_length": 2.08333,
			"bones": {
				"waist": {
					"rotation": {
						"0.0": [0, 0, 0],
						"0.125": [0, 0, 0],
						"0.375": [-2.49762, 0.10901, 2.49762],
						"0.75": [-5, 0, 0],
						"1.0": [-2.49527, -0.21782, -2.4905],
						"1.3333": [-0.00477, -0.21782, 0.00952],
						"1.5833": [-0.01427, -0.2174, 2.50954],
						"1.75": [-2.5024, -0.32683, 0],
						"1.9583": [0, 0, 0]
					},
					"position": {
						"0.0": [0, 0, 0],
						"0.125": [0, -0.5, 0],
						"0.2917": [0, 0, 0],
						"0.375": [0, -0.25, 0],
						"0.4583": [0, 0, 0]
					}
				},
				"head": {
					"rotation": {
						"0.0": [0, 0, 0],
						"0.125": [12.5, 0, 0],
						"0.375": [-20, 0, 0],
						"0.75": [-19.9299, 1.70818, 4.69986],
						"1.3333": [-19.95911, -0.99644, -2.74108],
						"1.75": [-19.98247, 0.85481, 2.34941],
						"2.0417": [0, 0, 0]
					}
				},
				"leftArm": {
					"rotation": {
						"0.0": [0, 0, 0],
						"0.375": [-7.5, 0, -5],
						"1.0": [-10, 0, -10],
						"1.3333": [5, 0, -5],
						"1.75": [7.5, 0, -10],
						"2.0833": [0, 0, 0]
					}
				},
				"rightArm": {
					"rotation": {
						"0.0": [-34.96, 0, 0],
						"0.125": [-20, 0, 0],
						"0.375": [-120.725, 0, 0],
						"0.75": [-122.01067, 14.26008, -10.25103],
						"0.875": [-111.79362, 11.94047, -9.29362],
						"1.0": [-99.265, 2.77, -9.565],
						"1.125": [-94.01952, -8.71736, -8.77126],
						"1.25": [-106.53555, 3.7772, -6.70137],
						"1.375": [-106.84173, 10.89218, -2.3447],
						"1.5": [-85.61984, 15.86315, -2.89787],
						"1.625": [-60.45436, 1.02939, -5.15602],
						"1.9167": [-34.96, 0, 0]
					}
				},
				"leftLeg": {
					"rotation": {
						"0.0": [0, 0, 0],
						"0.375": [-7.53001, -11.21458, -8.61189],
						"0.9167": [-2.53001, -11.21458, -8.61189],
						"1.5": [-2.53001, -11.21458, -8.61189],
						"1.75": [0, 0, 0]
					}
				}
			}
		}
	}
}