{
	"format_version": "1.8.0",
	"animations": {
		"animation.op.l_staff.idle": {
			"loop": true,
			"animation_length": 3,
			"bones": {
				"waist": {
					"position": {
						"0.0": [0, -0.25, 0],
						"0.75": [0, 0, 0],
						"2.1667": [0, -0.425, 0],
						"3.0": [0, -0.25, 0]
					}
				},
				"head": {
					"rotation": {
						"0.0": [0, 0, 0],
						"1.5": [2.5, 0, 0],
						"3.0": [0, 0, 0]
					}
				},
				"leftArm": {
					"rotation": {
						"0.0": [0, 0, 0],
						"0.75": [-1.5, 0, -2],
						"2.1667": [1.5, 0, -5],
						"3.0": [0, 0, 0]
					}
				},
				"rightArm": {
					"rotation": {
						"0.0": [-38.025, 0, 0],
						"0.75": [-35.52087, 0.58104, 0.81389],
						"2.1667": [-35.4992, -1.45234, -2.03509],
						"3.0": [-38.025, 0, 0]
					}
				}
			}
		},
		"animation.op.l_staff.activation": {
			"loop": true,
			"animation_length": 2.125,
			"bones": {
				"waist": {
					"rotation": {
						"0.0": [0, 0, 0],
						"0.75": [5, 0, 0],
						"1.0417": [-9.57574, 5.776, 4.07808],
						"1.2917": [7.5, 0, 0],
						"1.375": [0, 0, 0]
					},
					"position": {
						"0.0": [0, -0.25, 0],
						"0.75": [0, 0, 0],
						"0.9167": [0, -0.03, 0],
						"1.0417": [0, 0.19, 0],
						"1.2917": [0, -0.11, 0],
						"1.375": [0, 0.07, 0],
						"1.4583": [0, -0.15, 0],
						"1.9583": [0, -0.25, 0]
					}
				},
				"head": {
					"rotation": {
						"0.0": [0, 0, 0],
						"0.75": [-8.88, 6.46, 4.07],
						"0.9167": [12.99822, -1.20684, 0.22658],
						"1.0417": [-12.32763, 8.96928, 5.65615],
						"1.3333": [-0.2, 1.63, 1.02],
						"1.4167": [6.15, 0.82, 0.51],
						"1.5": [0, 0, 0],
						"1.5833": [2.05, 0, 0],
						"1.9583": [0, 0, 0]
					}
				},
				"leftArm": {
					"rotation": {
						"0.0": [0, 0, 0],
						"0.75": [-1.5, 0, -2],
						"1.0417": [-23.5796, -0.50338, -26.58349],
						"1.375": [18.40695, -0.35423, -18.7069],
						"1.5": [25.87161, -1.44596, -16.45756],
						"1.9583": [0, 0, 0]
					}
				},
				"rightArm": {
					"rotation": {
						"0.0": [-38.025, 0, 0],
						"0.75": [-35, 0, 0],
						"1.0417": [-126.03, 0, 0],
						"1.1667": [-126.03, 0, 0],
						"1.2917": [-39.41, 0, 0],
						"1.375": [-42.2, 0, 0],
						"1.4583": [-39.41, 0, 0],
						"1.9583": [-38.025, 0, 0]
					}
				}
			}
		}
	}
}