{"format_version":"1.8.0","animations":{"animation.op.fae.idle1":{"loop":true,"animation_length":4.0,"bones":{"wing_0":{"rotation":{"0.0":[0,0,0],"1.0":[0,15,0],"2.0":[0,0,0],"3.0":[0,15,0],"4.0":[0,0,0]}},"wing_1":{"rotation":{"0.0":[0,0,0],"1.0":[0,-15,0],"2.0":[0,0,0],"3.0":[0,-15,0],"4.0":[0,0,0]}},"head":{"rotation":{"0.0":[0,0,0],"1.0":[2.5,0,0],"2.9167":[-2.5,0,0],"4.0":[0,0,0]}},"jaw":{"rotation":{"0.0":[0,0,0],"2.0":[5,0,0],"2.9167":[0,0,0]}},"left_arm":{"rotation":{"0.0":[0,0,2.5],"2.0":[-2.49762,0.10901,2.49762],"4.0":[0,0,2.5]},"position":{"0.0":[0,0,0],"1.0":[0,-0.1,0],"2.9167":[0,0.25,0],"4.0":[0,0,0]}},"left_arm2":{"rotation":{"0.0":[0.10257,2.86544,4.09918],"1.0":[5,0,0],"2.0":[3.42739,2.26536,3.49645],"4.0":[0.10257,2.86544,4.09918]}},"right_arm3":{"rotation":{"0.0":[0,0,-2.5],"2.0":[-2.49762,-0.10901,-2.49762],"4.0":[0,0,-2.5]},"position":{"0.0":[0,0,0],"1.0":[0,-0.1,0],"2.9167":[0,0.25,0],"4.0":[0,0,0]}},"right_arm4":{"rotation":{"0.0":[0.10257,-2.86544,-4.09918],"1.4583":[5,0,0],"4.0":[0.10257,-2.86544,-4.09918]}},"torso":{"position":{"0.0":[0,0,0],"2.0":[0,0.25,0],"4.0":[0,0,0]}},"right_hand":{"rotation":{"0.0":[-2.5,0,0],"1.0":[2.39503,0.74729,-12.61871],"1.4583":[4.7192,0.83112,-9.96575],"2.0":[7.43656,0.9762,-7.43656],"4.0":[-2.5,0,0]}},"left_hand":{"rotation":{"0.0":[-2.5,0,0],"1.0":[2.46207,-0.43399,9.99067],"2.0":[7.5,0,0],"2.9167":[2.90559,-0.2541,4.99356],"4.0":[-2.5,0,0]}}}},"animation.op.fae.idle2":{"loop":true,"animation_length":4.0,"bones":{"wing_0":{"rotation":{"0.0":[0,0,0],"0.5":[0,50,0],"1.3333":[0,0,0],"1.8333":[0,50,0],"2.6667":[0,0,0],"3.1667":[0,50,0],"4.0":[0,0,0]}},"wing_1":{"rotation":{"0.0":[0,0,0],"0.5":[0,-50,0],"1.3333":[0,0,0],"1.8333":[0,-50,0],"2.6667":[0,0,0],"3.1667":[0,-50,0],"4.0":[0,0,0]}},"head":{"rotation":{"0.0":[0,0,0],"1.0":[2.5,0,0],"2.9167":[-2.5,0,0],"4.0":[0,0,0]}},"jaw":{"rotation":{"0.0":[0,0,0],"1.0":[10,0,0],"1.7083":[0,0,0],"2.3333":[10,0,0],"2.6667":[0,0,0],"3.25":[5,0,0],"4.0":[0,0,0]}},"left_arm":{"rotation":{"0.0":[0,0,2.5],"2.0":[-2.49762,0.10901,2.49762],"4.0":[0,0,2.5]},"position":{"0.0":[0,0,0],"1.0":[0,-0.1,0],"2.9167":[0,0.25,0],"4.0":[0,0,0]}},"left_arm2":{"rotation":{"0.0":[0.10257,2.86544,4.09918],"1.0":[5,0,0],"2.0":[3.42739,2.26536,3.49645],"4.0":[0.10257,2.86544,4.09918]}},"right_arm3":{"rotation":{"0.0":[0,0,-2.5],"2.0":[-2.49762,-0.10901,-2.49762],"4.0":[0,0,-2.5]},"position":{"0.0":[0,0,0],"1.0":[0,-0.1,0],"2.9167":[0,0.25,0],"4.0":[0,0,0]}},"right_arm4":{"rotation":{"0.0":[0.10257,-2.86544,-4.09918],"1.4583":[5,0,0],"4.0":[0.10257,-2.86544,-4.09918]}},"torso":{"rotation":[15,0,0],"position":{"0.0":[0,0,0],"2.0":[0,0.25,0],"4.0":[0,0,0]}},"right_hand":{"rotation":{"0.0":[-2.5,0,0],"1.0":[2.39503,0.74729,-12.61871],"1.4583":[4.7192,0.83112,-9.96575],"2.0":[7.43656,0.9762,-7.43656],"4.0":[-2.5,0,0]}},"left_hand":{"rotation":{"0.0":[-2.5,0,0],"1.0":[2.46207,-0.43399,9.99067],"2.0":[7.5,0,0],"2.9167":[2.90559,-0.2541,4.99356],"4.0":[-2.5,0,0]}},"left_leg":{"rotation":{"0.0":[0,0,0],"0.375":[5,0,0],"1.3333":[0,0,0],"1.7083":[5,0,0],"2.6667":[0,0,0],"3.0417":[5,0,0],"4.0":[0,0,0]}},"left_leg2":{"rotation":{"0.0":[0,0,0],"0.375":[-10.02635,1.5216,-1.98385],"0.8333":[7.20984,0.5986,-3.48398],"1.3333":[0,0,0],"1.7083":[-10.02635,1.5216,-1.98385],"2.1667":[7.20984,0.5986,-3.48398],"2.6667":[0,0,0],"3.0417":[-10.02635,1.5216,-1.98385],"3.5":[7.20984,0.5986,-3.48398],"4.0":[0,0,0]}},"left_leg3":{"rotation":{"0.0":[0,0,0],"0.375":[10.02089,1.05627,2.26603],"0.8333":[-4.78261,0,0],"1.3333":[0,0,0],"1.7083":[10.02089,1.05627,2.26603],"2.1667":[-4.78261,0,0],"2.6667":[0,0,0],"3.0417":[10.02089,1.05627,2.26603],"3.5":[-4.78261,0,0],"4.0":[0,0,0]}},"right_leg4":{"rotation":{"0.0":[1.67,0,0],"0.25":[5,0,0],"1.2083":[0,0,0],"1.5833":[5,0,0],"2.5417":[0,0,0],"2.9167":[5,0,0],"3.875":[0,0,0],"4.0":[1.67,0,0]}},"right_leg5":{"rotation":{"0.0":[-3.34,-0.51,0.66],"0.25":[-10.02635,-1.5216,1.9838],"0.7083":[7.20984,-0.5986,3.484],"1.2083":[0,0,0],"1.5833":[-10.02635,-1.5216,1.9838],"2.0417":[7.20984,-0.5986,3.484],"2.5417":[0,0,0],"2.9167":[-10.02635,-1.5216,1.9838],"3.375":[7.20984,-0.5986,3.484],"3.875":[0,0,0],"4.0":[-3.34,-0.51,0.66]}},"right_leg6":{"rotation":{"0.0":[3.34,-0.35,-0.76],"0.25":[10.02089,-1.0563,-2.266],"0.7083":[-4.78261,0,0],"1.2083":[0,0,0],"1.5833":[10.02089,-1.0563,-2.266],"2.0417":[-4.78261,0,0],"2.5417":[0,0,0],"2.9167":[10.02089,-1.0563,-2.266],"3.375":[-4.78261,0,0],"3.875":[0,0,0],"4.0":[3.34,-0.35,-0.76]}},"bone":{"rotation":[20,0,0],"position":{"0.0":[0,7,0],"0.5":[0,8,0],"0.625":[0,8.1,0],"1.3333":[0,7,0],"1.4167":[0,6.92,0],"1.8333":[0,8,0],"1.9583":[0,8.1,0],"2.6667":[0,7,0],"2.75":[0,6.92,0],"3.1667":[0,8,0],"3.2917":[0,8.1,0],"4.0":[0,7,0]}},"head2":{"rotation":[-25,0,0]}}},"animation.op.fae.fly":{"loop":true,"animation_length":3.16667,"anim_time_update":"q.anim_time + q.delta_time * q.modified_move_speed * 3.16667 * 2","bones":{"wing_0":{"rotation":{"0.0":[0,0,0],"0.4167":[0,60,0],"1.0833":[0,0,0],"1.5":[0,60,0],"2.1667":[0,0,0],"2.5833":[0,60,0],"3.1667":[0,0,0]}},"wing_1":{"rotation":{"0.0":[0,0,0],"0.4167":[0,-60,0],"1.0833":[0,0,0],"1.5":[0,-60,0],"2.1667":[0,0,0],"2.5833":[0,-60,0],"3.1667":[0,0,0]}},"head":{"rotation":{"0.0":[0,0,0],"0.2917":[3.375,0,0],"0.8333":[-2.5,0,0],"1.375":[0,0,0],"1.6667":[3.375,0,0],"2.4167":[-2.5,0,0],"3.1667":[0,0,0]}},"jaw":{"rotation":{"0.0":[0,0,0],"0.8333":[10,0,0],"1.375":[0,0,0],"1.9167":[10,0,0],"2.1667":[0,0,0],"2.6667":[5,0,0],"3.1667":[0,0,0]}},"left_arm":{"rotation":{"0.0":[0,0,2.5],"0.4583":[-5.68685,0.02998,2.49935],"1.6667":[-2.49762,0.10901,2.49762],"3.1667":[0,0,2.5]},"position":{"0.0":[0,0,0],"0.8333":[0,-0.1,0],"2.4167":[0,0.25,0],"3.1667":[0,0,0]}},"left_arm2":{"rotation":{"0.0":[0.10257,2.86544,4.09918],"0.4583":[10.29616,1.28945,1.84463],"0.8333":[15,0,0],"1.6667":[3.42739,2.26536,3.49645],"2.1667":[9.81912,2.46538,3.69736],"3.1667":[0.10257,2.86544,4.09918]}},"right_arm3":{"rotation":{"0.0":[0,0,-2.5],"1.6667":[-2.49762,-0.10901,-2.49762],"3.1667":[0,0,-2.5]},"position":{"0.0":[0,0,0],"0.8333":[0,-0.1,0],"2.4167":[0,0.25,0],"3.1667":[0,0,0]}},"right_arm4":{"rotation":{"0.0":[0.10257,-2.86544,-4.09918],"1.2083":[12.5,0,0],"3.1667":[0.10257,-2.86544,-4.09918]}},"torso":{"rotation":[15,0,0],"position":{"0.0":[0,0,0],"1.6667":[0,0.25,0],"3.1667":[0,0,0]}},"right_hand":{"rotation":{"0.0":[-2.5,0,0],"0.8333":[-7.60497,0.74729,-12.61871],"1.2083":[4.7192,0.83112,-9.96575],"2.0":[14.3008,0.49514,-5.93704],"3.1667":[-2.5,0,0]}},"left_hand":{"rotation":{"0.0":[-2.5,0,0],"0.4583":[-9.77086,-0.23869,5.49487],"1.6667":[7.5,0,0],"2.1667":[-13.06294,-0.1694,3.32904],"3.1667":[-2.5,0,0]}},"left_leg":{"rotation":{"0.0":[0,0,0],"0.2917":[5,0,0],"1.0833":[0,0,0],"1.375":[5,0,0],"2.1667":[0,0,0],"2.4583":[5,0,0],"3.1667":[0,0,0]}},"left_leg2":{"rotation":{"0.0":[0,0,0],"0.2917":[-10.02635,1.5216,-1.98385],"0.6667":[7.20984,0.5986,-3.48398],"1.0833":[0,0,0],"1.375":[-10.02635,1.5216,-1.98385],"1.75":[7.20984,0.5986,-3.48398],"2.1667":[0,0,0],"2.4583":[-10.02635,1.5216,-1.98385],"2.8333":[7.20984,0.5986,-3.48398],"3.1667":[0,0,0]}},"left_leg3":{"rotation":{"0.0":[0,0,0],"0.2917":[10.02089,1.05627,2.26603],"0.6667":[-4.78261,0,0],"1.0833":[0,0,0],"1.375":[10.02089,1.05627,2.26603],"1.75":[-4.78261,0,0],"2.1667":[0,0,0],"2.4583":[10.02089,1.05627,2.26603],"2.8333":[-4.78261,0,0],"3.1667":[0,0,0]}},"right_leg4":{"rotation":{"0.0":[1.67,0,0],"0.125":[5,0,0],"0.9167":[0,0,0],"1.2917":[5,0,0],"2.0":[0,0,0],"2.375":[5,0,0],"3.0417":[0,0,0],"3.1667":[1.67,0,0]}},"right_leg5":{"rotation":{"0.0":[-3.34,-0.51,0.66],"0.125":[-10.02635,-1.5216,1.9838],"0.4583":[7.20984,-0.5986,3.484],"0.9167":[0,0,0],"1.2917":[-10.02635,-1.5216,1.9838],"1.625":[7.20984,-0.5986,3.484],"2.0":[0,0,0],"2.375":[-10.02635,-1.5216,1.9838],"2.7083":[7.20984,-0.5986,3.484],"3.0417":[0,0,0],"3.1667":[-3.34,-0.51,0.66]}},"right_leg6":{"rotation":{"0.0":[3.34,-0.35,-0.76],"0.125":[10.02089,-1.0563,-2.266],"0.4583":[-4.78261,0,0],"0.9167":[0,0,0],