{"format_version":"1.8.0","animations":{"animation.opw.npc_f.idle1":{"loop":true,"animation_length":4.16667,"bones":{"UpperBody":{"position":{"0.0":[0,-0.2,0],"0.5":[0,-0.09,0],"1.0417":[0,0,0],"1.5417":[0,-0.11,0],"2.0833":[0,-0.2,0],"2.5833":[0,-0.09,0],"3.125":[0,0,0],"3.625":[0,-0.09,0],"4.1667":[0,-0.2,0]}},"Head":{"rotation":{"0.0":[-0.5,0,0],"0.375":[0.77,0,0],"0.5417":[1,0,0],"0.7917":[0.3,0,0],"1.375":[-2.05,0,0],"1.5417":[-2.5,0,0],"1.75":[-1.89,0,0],"2.0833":[-0.5,0,0],"2.4583":[0.83,0,0],"2.625":[1,0,0],"2.8333":[0.45,0,0],"3.125":[-0.6,0,0],"3.4167":[-1.73,0,0],"3.625":[-2.5,0,0],"3.7917":[-2.11,0,0],"4.0417":[-0.96,0,0],"4.1667":[-0.5,0,0]}},"left_arm":{"rotation":{"0.0":[0,0,-4],"0.5":[1.425,0,-2.52],"0.9167":[2.5,0,-2],"1.2083":[1.425,0,-3.04],"1.5833":[-1.025,0,-5.13],"1.9583":[-2.5,0,-6.5],"2.2083":[-1.025,0,-5.73],"2.5833":[1.425,0,-3.75],"3.0":[2.5,0,-2],"3.375":[1.425,0,-2.34],"3.625":[0.625,0,-2.88],"4.1667":[0,0,-4]},"position":{"0.0":[0,0,0],"0.4583":[0,-0.1,0],"1.4583":[0,0.1,0],"1.9583":[0,0,0],"2.5":[0,-0.1,0],"3.5":[0,0.1,0],"4.1667":[0,0,0]}},"lower_left_arm":{"rotation":{"0.0":[0,0,0],"0.2917":[-1.025,0,-0.82],"0.4583":[-1.925,0,-1],"0.625":[-3.275,0,-0.69],"0.9167":[-5,0,-0.02],"1.2083":[-3.275,0,0.65],"1.4583":[-1.925,0,1],"1.625":[-1.025,0,0.71],"1.9583":[-2.5,0,0],"2.2917":[-3.925,0,-0.77],"2.5":[-4.95,0,-1],"2.75":[-5.775,0,-0.61],"3.0":[-5,0,-0.03],"3.25":[-3.275,0,0.55],"3.5":[-1.925,0,1],"3.7083":[-1.025,0,0.76],"4.1667":[0,0,0]}},"hammer":{"rotation":{"0.0":[0,0,0],"0.9167":[4.99527,0.21782,-2.4905],"3.0":[-2.4905,0.21782,4.99527],"4.1667":[0,0,0]}},"right_arm":{"rotation":{"0.0":[0,0,4],"0.75":[0,0,2.12],"1.0417":[0,0,2],"1.3333":[0,0,3.12],"1.8333":[0,0,5.94],"2.0833":[0,0,6.5],"2.3333":[0,0,5.67],"2.875":[0,0,2.77],"3.125":[0,0,2],"3.375":[0,0,2.31],"3.75":[0,0,3.17],"4.1667":[0,0,4]},"position":{"0.0":[0,0,0],"0.5417":[0,-0.1,0],"1.5417":[0,0.1,0],"2.0833":[0,0,0],"2.625":[0,-0.1,0],"3.625":[0,0.1,0],"4.1667":[0,0,0]}},"lower_right_arm":{"rotation":{"0.0":[0,0,0],"0.375":[0,0,0.71],"0.5417":[0,0,1],"0.8333":[0,0,0.55],"1.3333":[0,0,-0.61],"1.5417":[0,0,-1],"1.7917":[0,0,-0.73],"2.0833":[0,0,0],"2.5":[0,0,0.82],"2.625":[0,0,1],"2.9167":[0,0,0.55],"3.4583":[0,0,-0.71],"3.625":[0,0,-1],"3.9167":[0,0,-0.57],"4.1667":[0,0,0]}},"left_leg":{"rotation":[0,-5,-2.5]},"right_leg":{"rotation":[0,5,2.5]}}},"animation.opw.npc_f.idle2":{"loop":true,"animation_length":4.16667,"bones":{"UpperBody":{"position":{"0.0":[0,-0.2,0],"0.5":[0,-0.09,0],"1.0417":[0,0,0],"1.5417":[0,-0.11,0],"2.0833":[0,-0.2,0],"2.5833":[0,-0.09,0],"3.125":[0,0,0],"3.625":[0,-0.09,0],"4.1667":[0,-0.2,0]}},"Head":{"rotation":{"0.0":[-0.5,0,0],"0.375":[0.77,0,0],"0.5417":[1,0,0],"0.7917":[0.3,0,0],"1.375":[-2.05,0,0],"1.5417":[-2.5,0,0],"1.75":[-1.89,0,0],"2.0833":[-0.5,0,0],"2.4583":[0.83,0,0],"2.625":[1,0,0],"2.8333":[0.45,0,0],"3.125":[-0.6,0,0],"3.4167":[-1.73,0,0],"3.625":[-2.5,0,0],"3.7917":[-2.11,0,0],"4.0417":[-0.96,0,0],"4.1667":[-0.5,0,0]}},"HeadRotation":{"rotation":{"0.0":[0,-3,0],"0.5":[0,-1.36,0],"1.0417":[0,0.47,0],"1.5417":[0,2.03,0],"2.0":[0,3,0],"2.5833":[0,2.04,0],"3.125":[0,0.48,0],"3.625":[0,-1.36,0],"4.1667":[0,-3,0]}},"left_arm":{"rotation":{"0.0":[0,0,-4],"0.5":[1.425,0,-2.52],"0.9167":[2.5,0,-2],"1.2083":[1.425,0,-3.04],"1.5833":[-1.025,0,-5.13],"1.9583":[-2.5,0,-6.5],"2.2083":[-1.025,0,-5.73],"2.5833":[1.425,0,-3.75],"3.0":[2.5,0,-2],"3.375":[1.425,0,-2.34],"3.625":[0.625,0,-2.88],"4.1667":[0,0,-4]},"position":{"0.0":[0,0,0],"0.4583":[0,-0.1,0],"1.4583":[0,0.1,0],"1.9583":[0,0,0],"2.5":[0,-0.1,0],"3.5":[0,0.1,0],"4.1667":[0,0,0]}},"lower_left_arm":{"rotation":{"0.0":[0,0,0],"0.2917":[-1.025,0,-0.82],"0.4583":[-1.925,0,-1],"0.625":[-3.275,0,-0.69],"0.9167":[-5,0,-0.02],"1.2083":[-3.275,0,0.65],"1.4583":[-1.925,0,1],"1.625":[-1.025,0,0.71],"1.9583":[-2.5,0,0],"2.2917":[-3.925,0,-0.77],"2.5":[-4.95,0,-1],"2.75":[-5.775,0,-0.61],"3.0":[-5,0,-0.03],"3.25":[-3.275,0,0.55],"3.5":[-1.925,0,1],"3.7083":[-1.025,0,0.76],"4.1667":[0,0,0]}},"hammer":{"rotation":{"0.0":[0,0,0],"0.9167":[4.99527,0.21782,-2.4905],"3.0":[-2.4905,0.21782,4.99527],"4.1667":[0,0,0]}},"right_arm":{"rotation":{"0.0":[0,0,4],"0.75":[0,0,2.12],"1.0417":[0,0,2],"1.3333":[0,0,3.12],"1.8333":[0,0,5.94],"2.0833":[0,0,6.5],"2.3333":[0,0,5.67],"2.875":[0,0,2.77],"3.125":[0,0,2],"3.375":[0,0,2.31],"3.75":[0,0,3.17],"4.1667":[0,0,4]},"position":{"0.0":[0,0,0],"0.5417":[0,-0.1,0],"1.5417":[0,0.1,0],"2.0833":[0,0,0],"2.625":[0,-0.1,0],"3.625":[0,0.1,0],"4.1667":[0,0,0]}},"lower_right_arm":{"rotation":{"0.0":[0,0,0],"0.375":[0,0,0.71],"0.5417":[0,0,1],"0.8333":[0,0,0.55],"1.3333":[0,0,-0.61],"1.5417":[0,0,-1],"1.7917":[0,0,-0.73],"2.0833":[0,0,0],"2.5":[0,0,0.82],"2.625":[0,0,1],"2.9167":[0,0,0.55],"3.4583":[0,0,-0.71],"3.625":[0,0,-1],"3.9167":[0,0,-0.57],"4.1667":[0,0,0]}},"left_leg":{"rotation":[0,-5,-2.5]},"right_leg":{"rotation":[0,5,2.5]}}},"animation.opw.npc_f.walk":{"loop":true,"animation_length":1.20833,"bones":{"UpperBody":{"rotation":{"0.0":[0,2.5,0],"0.1667":[0,1.12,0],"0.4583":[0,-1.75,0],"0.5833":[0,-2.5,0],"0.7083":[0,-1.79,0],"1.0417":[0,1.26,0],"1.2083":[0,2.5,0]}},"Head":{"rotation":{"0.0":[0,-2.5,0],"0.0833":[-0.4,-1.95,-0.38],"0.2083":[-1,-0.9,-1],"0.3333":[-0.46,0.24,-0.82],"0.5":[0.54,1.7,-0.34],"0.5833":[1,2.5,0],"0.7083":[-0.16,2.11,0.69],"0.7917":[-1,1.475,1],"0.9167":[-0.89,0.24,0.8],"1.0417":[-0.47,-1.05,0.42],"1.2083":[0,-2.5,0]}},"left_arm":{"rotation":{"0.0":[-9.25,0,2.5],"0.1667":[-6.49,0,2.07],"0.25":[-4.18,0,1.74],"0.5":[7.35,0,0.25],"0.5833":[8,0,0],"0.6667":[7.35,0,0.25],"0.7083":[6,0,0.49],"0.9583":[-4.18,0,1.74],"1.0833":[-7.67,0,2.25],"1.2083":[-9.25,0,2.5]}},"lower_left_arm":{"rotation":{"0.0":[-5.6,0,0],"0.125":[-7.35,0,0.41],"0.2917":[-9.1,0,0.8],"0.4167":[-9.16,0,0.62],"0.5":[-8.04,0,0.34],"0.5833":[-5.8,0,0.05],"0.6667":[-3.56,0,-0.24],"0.75":[-0.41,0,-0.65],"0.8333":[0.62,0,-0.95],"0.9167":[0,0,-1],"1.0417":[-2.84,0,-0.5],"1.2083":[-5.6,0,0]}},"hammer":{"rotation":{"0.0":[-1.05,0,1.25],"0.2083":[-5,0,-0.675],"0.375":[-5.025,0,-0.72],"0.5":[-3.4,0,-0.475],"0.5833":[0,0,0.375],"0.6667":[2.95,0,1.3],"0.7917":[4.54,0,1.92],"0.9167":[5,0,2.3],"1.2083":[-1.05,0,1.25]}},"right_arm":{"rotation":{"0.0":[10,0,0],"0.125":[7.13,0,0],"0.4167":[-5.93,0,0],"0.5":[-7.65,0,0],"0.5833":[-8,0,0],"0.7083":[-7.58,0,0],"0.7917":[-5.93,0,0],"1.0833":[6.17,0,0],"1.1667":[10,0,0]}},"lower_right_arm":{"rotation":{"0.0":[-9.85,0,1.1],"0.3333":[-1.33,0,0.39],"0.4167":[0,0,0.2],"0.5":[-1.4,0,-0.47],"0.5833":[-3,0,-0.8],"0.7083":[-7.01,0,-0.42],"0.875":[-13,0,0.16],"0.9583":[-15,0,0.4],"1.0833":[-13.71,0,0.87],"1.2083":[-9.85,0,1.1]}},"left_leg":{"rotation":{"0.0":[10,0,0],"0.1667":[6.14,0,-2.67],"0.3333":[1.67,0,-5],"0.5":[-3.27,0,-2.34],"0.5833":[-5.62,0,0],"0.75":[-2.69,0,0.36],"1.0":[4.54,0,0.18],"1.2083":[10,0,0]},"position":{"0.0":[0,0.25,-0.3],"0.1667":[-0.075,0.63,-0.175],"0.3333":[-0.175,1,0],"0.5":[0,0.3,0.195],"0.5833":[0,0,0.175],"0.875":[0,0,0],"1.2083":[0,0.25,-0.3]}},"right_leg":{"rotation":{"0.0":[-5,0,0],"0.1667":[-1.2,0,-0.06],"0.4583":[6.84,0,-0.16],"0.5833":[10,0,0],"0.7083":[7.87,0,2.22],"0.875":[1.67,0,5],"1.0833":[-3.06,0,1.95],"1.2083":[-5,0,0]},"position":{"0.0":[0,0,0.175],"0.3333":[0,0,0],"0.5833":[0,0.25,-0.3],"0.75":[0.05,0.63,-0.275],"0.875":[0.1,1,0],"1.2083":[0,0,0.175]}},"bone":{"rotation":{"0.0":[0,1,0],"0.2083":[0,0.26,0],"0.4583":[0,-0.7,0],"0.5833":[0,-1,0],"0.75":[0,-0.58,0],"1.0":[0,0.32,0],"1.2083":[0,1,0]},"position":{"0.0":[0,0,0],"0.125":[0,-0.2,0],"0.5":[0,0.05,0],"0.5833":[0,0,0],"0.7083":[0,-0.2,0],"1.0833":[0,0.05,0],"1.2083":[0,0,0]}}}},"animation.opw.npc_f.talk1":{"loop":true,"animation_length":6.375,"bones":{"UpperBody":{"rotation":{"0.0":[0,0,0],"0.3333":[2.5,0,0],"0.5":[2.06,0,0],"1.0417":[-0.29,0,0],"1.4167":[-2.06,0,0],"1.5833":[-2.5,0,0],"1.8333":[-1.7,0,0],"2.0833":[-0.64,0,0],"2.3333":[0,0,0],"2.5417":[-0.65,0,0],"3.0":[-2.5,0,0],"3.4167":[-3.74,0,0],"3.8333":[-5,0,0],"4.1667":[-6.06,0,0],"4.375":[-6,0,0],