{"format_version":"1.8.0","animations":{"animation.opw.npc_e.idle1":{"loop":true,"animation_length":6.25,"bones":{"UpperBody":{"position":{"0.0":[0,-0.2,0],"1.0417":[0,0,0],"2.0833":[0,-0.2,0],"3.125":[0,0,0],"4.1667":[0,-0.2,0],"5.2083":[0,0,0],"6.25":[0,-0.2,0]}},"Head":{"rotation":{"0.0":[-0.5,0,0],"0.5417":[1,0,0],"1.5417":[-2.5,0,0],"2.0833":[-0.5,0,0],"2.625":[1,0,0],"3.625":[-2.5,0,0],"4.1667":[-0.5,0,0],"4.7083":[1,0,0],"5.7083":[-2.5,0,0],"6.25":[-0.5,0,0]}},"left_arm":{"rotation":{"0.0":[0,0,-4],"1.0417":[0,0,-2],"2.0833":[0,0,-4],"3.125":[0,0,-2],"4.1667":[0,0,-4],"5.2083":[0,0,-2],"6.25":[0,0,-4]},"position":{"0.0":[0,0,0],"0.5417":[0,-0.1,0],"1.5417":[0,0.1,0],"2.0833":[0,0,0],"2.625":[0,-0.1,0],"3.625":[0,0.1,0],"4.1667":[0,0,0],"4.7083":[0,-0.1,0],"5.7083":[0,0.1,0],"6.25":[0,0,0]}},"lower_left_arm":{"rotation":{"0.0":[0,0,0],"0.625":[0,0,-1],"1.625":[0,0,2.5],"2.1667":[0,0,2.5],"2.7083":[0,0,0],"3.7083":[0,0,2.5],"4.25":[0,0,2.5],"4.7917":[0,0,0.7692],"5.7917":[0,0,2.5],"6.25":[0,0,0]}},"right_arm":{"rotation":{"0.0":[0,0,4],"1.0417":[0,0,2],"2.0833":[0,0,4],"3.125":[0,0,2],"4.1667":[0,0,4],"5.2083":[0,0,2],"6.25":[0,0,4]},"position":{"0.0":[0,0,0],"0.5417":[0,-0.1,0],"1.5417":[0,0.1,0],"2.0833":[0,0,0],"2.625":[0,-0.1,0],"3.625":[0,0.1,0],"4.1667":[0,0,0],"4.7083":[0,-0.1,0],"5.7083":[0,0.1,0],"6.25":[0,0,0]}},"lower_right_arm":{"rotation":{"0.0":[0,0,0],"0.625":[0,0,1],"1.625":[0,0,-2.5],"2.1667":[0,0,-2.5],"2.7083":[0,0,0],"3.7083":[0,0,-2.5],"4.25":[0,0,-2.5],"4.7917":[0,0,-0.76923],"5.7917":[0,0,-2.5],"6.25":[0,0,0]}},"left_leg":{"rotation":[0.44067,-9.99038,-2.53852]},"right_leg":{"rotation":[0,5,5]}}},"animation.opw.npc_e.idle2":{"loop":true,"animation_length":6.25,"bones":{"UpperBody":{"position":{"0.0":[0,-0.2,0],"1.0417":[0,0,0],"2.0833":[0,-0.2,0],"3.125":[0,0,0],"4.1667":[0,-0.2,0],"5.2083":[0,0,0],"6.25":[0,-0.2,0]}},"Head":{"rotation":{"0.0":[-0.5,0,0],"0.5417":[1,0,0],"1.5417":[-2.5,0,0],"2.0833":[-0.5,0,0],"2.625":[1,0,0],"3.625":[-2.5,0,0],"4.1667":[-0.5,0,0],"4.7083":[1,0,0],"5.7083":[-2.5,0,0],"6.25":[-0.5,0,0]}},"left_arm":{"rotation":{"0.0":[0,0,-4],"1.0417":[0,0,-2],"2.0833":[0,0,-4],"3.125":[0,0,-2],"4.1667":[0,0,-4],"5.2083":[0,0,-2],"6.25":[0,0,-4]},"position":{"0.0":[0,0,0],"0.5417":[0,-0.1,0],"1.5417":[0,0.1,0],"2.0833":[0,0,0],"2.625":[0,-0.1,0],"3.625":[0,0.1,0],"4.1667":[0,0,0],"4.7083":[0,-0.1,0],"5.7083":[0,0.1,0],"6.25":[0,0,0]}},"lower_left_arm":{"rotation":{"0.0":[0,0,0],"0.625":[0,0,-1],"1.625":[0,0,2.5],"2.1667":[0,0,2.5],"2.7083":[0,0,0],"3.7083":[0,0,2.5],"4.25":[0,0,2.5],"4.7917":[0,0,0.7692],"5.7917":[0,0,2.5],"6.25":[0,0,0]}},"right_arm":{"rotation":{"0.0":[0,0,4],"1.0417":[0,0,2],"2.0833":[0,0,4],"3.125":[0,0,2],"4.1667":[0,0,4],"5.2083":[0,0,2],"6.25":[0,0,4]},"position":{"0.0":[0,0,0],"0.5417":[0,-0.1,0],"1.5417":[0,0.1,0],"2.0833":[0,0,0],"2.625":[0,-0.1,0],"3.625":[0,0.1,0],"4.1667":[0,0,0],"4.7083":[0,-0.1,0],"5.7083":[0,0.1,0],"6.25":[0,0,0]}},"lower_right_arm":{"rotation":{"0.0":[0,0,0],"0.625":[0,0,1],"1.625":[0,0,-2.5],"2.1667":[0,0,-2.5],"2.7083":[0,0,0],"3.7083":[0,0,-2.5],"4.25":[0,0,-2.5],"4.7917":[0,0,-0.76923],"5.7917":[0,0,-2.5],"6.25":[0,0,0]}},"left_leg":{"rotation":[0.44067,-9.99038,-2.53852]},"right_leg":{"rotation":[0,5,5]},"HeadRotation":{"rotation":{"0.0":[0,0,0],"1.25":[0,7.5,0],"4.5":[0,-7.5,0],"6.25":[0,0,0]}}}},"animation.opw.npc_e.walk":{"loop":true,"animation_length":1.5,"bones":{"UpperBody":{"rotation":{"0.0":[0,2.5,0],"0.125":[0,1.82,0],"0.375":[0,-0.11,0],"0.5833":[0,-2.02,0],"0.75":[0,-2.5,0],"0.875":[0,-1.96,0],"1.125":[0,-0.2,0],"1.375":[0,1.61,0],"1.5":[0,2.5,0]}},"Head":{"rotation":{"0.0":[0,-2.5,0],"0.125":[-0.4,-1.95,-0.38],"0.25":[-1,-0.9,-1],"0.375":[-0.46,0.24,-0.82],"0.5833":[0.54,1.7,-0.34],"0.75":[1,2.5,0],"0.875":[-0.16,2.11,0.69],"1.1667":[-1,1.475,1],"1.2917":[-0.89,0.24,0.8],"1.4167":[-0.47,-1.05,0.42],"1.5":[0,-2.5,0]}},"left_arm":{"rotation":{"0.0":[-4,0,-2.5],"0.125":[-2.79,0,-2],"0.375":[1.02,0,-1.125],"0.5833":[4.82,0,-0.4],"0.75":[6,0,0],"0.875":[4.86,0,-0.15],"1.1667":[0.76,0,-0.75],"1.2917":[-1.15,0,-1.275],"1.4167":[-2.64,0,-1.8],"1.5":[-4,0,-2.5]}},"lower_left_arm":{"rotation":{"0.0":[-4.71,0,0],"0.125":[-8.25,0,0],"0.75":[-12.5,0,0],"1.3333":[0,0,0],"1.5":[-4.71,0,0]}},"right_arm":{"rotation":{"0.0":[8,0,0],"0.125":[6.12,0,0.3],"0.4167":[-0.96,0,1.44],"0.5833":[-5.67,0,2.2],"0.75":[-7.5,0,2.5],"0.875":[-5.73,0,2.21],"1.125":[-0.32,0,1.34],"1.375":[5.21,0,0.45],"1.5":[8,0,0]}},"lower_right_arm":{"rotation":{"0.0":[-12.5,0,0],"0.5833":[0,0,0],"0.75":[-4.71,0,0],"0.875":[-8.25,0,0],"1.5":[-12.5,0,0]}},"left_leg":{"rotation":{"0.0":[15,0,0],"0.0833":[8.17,0,-1.17],"0.25":[-0.735,0,-4.07],"0.3333":[-4.155,0,-5],"0.5":[-11.16,0,-3.72],"0.75":[-15,0,0],"1.0417":[-10.48,0,0.37],"1.2917":[2.06,0,0.21],"1.5":[15,0,0]},"position":{"0.0":[0,0.4,-0.175],"0.25":[0,1.14,-0.09],"0.75":[0,0.2,0.1],"1.5":[0,0.4,-0.175]}},"right_leg":{"rotation":{"0.0":[-12.5,0,0],"0.2083":[-1.53,0,-0.13],"0.5833":[11.87,0,-0.4],"0.75":[15,0,0],"0.875":[12.32,0,1.98],"1.0833":[6.52,0,5],"1.375":[-3.03,0,1.79],"1.5":[-12.5,0,0]},"position":{"0.0":[0,0.2,0.1],"0.75":[0,0.4,-0.175],"1.0833":[0,1.14,-0.09],"1.5":[0,0.2,0.1]}},"bone":{"rotation":{"0.0":[0,1,0],"0.125":[0,0.73,0],"0.375":[0,-0.05,0],"0.5833":[0,-0.81,0],"0.75":[0,-1,0],"0.875":[0,-0.79,0],"1.125":[0,-0.08,0],"1.375":[0,0.64,0],"1.5":[0,1,0]},"position":{"0.0":[0,0,0],"0.125":[0,-0.2,0],"0.375":[0,-0.08,0],"0.5833":[0,0.05,0],"0.75":[0,0,0],"0.875":[0,-0.2,0],"1.125":[0,-0.08,0],"1.375":[0,0.05,0],"1.5":[0,0,0]}}}},"animation.opw.npc_e.talk1":{"loop":true,"animation_length":7.0,"bones":{"UpperBody":{"rotation":{"0.0":[0,0,0],"0.375":[2.02,0,0],"0.5":[2.5,0,0],"0.7083":[2.41,0,0],"1.0":[1.78,0,0],"1.5417":[0,0,0],"1.7917":[-2.01,0,0],"1.9167":[-2.5,0,0],"2.0833":[-2,0,0],"2.5":[0,0,0],"3.0417":[2.44,0,0],"3.2083":[2.5,0,0],"3.3333":[2.16,0,0],"3.75":[-0.01,0,0],"4.2083":[-2.17,0,0],"4.4167":[-2.5,0,0],"4.5":[-1.98,0,0],"4.7917":[-0.02,0,0],"5.125":[2.26,0,0],"5.25":[2.5,0,0],"5.4167":[1.97,0,0],"5.7917":[-0.08,0,0],"6.2083":[-2.12,0,0],"6.3333":[-2.5,0,0],"6.5":[-2.34,0,0],"7.0":[0,0,0]}},"HeadRotation":{"rotation":{"0.0":[0,0,0],"0.25":[2.5,0,0],"0.5":[2.94,0,0],"0.7917":[2.5,0,0],"0.9167":[-0.08,0,0],"1.0417":[-2.5,0,0],"1.125":[-1.68,0,0],"1.25":[0,0,0],"1.375":[-2.71,0,0],"1.5":[-5,0,0],"1.625":[-2.33,0,0.31],"1.7917":[0,0,0],"2.0417":[-0.81,0,-0.89],"2.375":[-2.66,0,-2.56],"2.7083":[-4.73,0,-4.43],"2.875":[-5,0,-5],"3.0417":[-3.25,0,-5.04],"3.25":[-0.55,0,-5.01],"3.3333":[0,0,-5],"3.4583":[-0.82,0,-5.22],"3.625":[-2.5,0,-5],"3.8333":[-2.83,0,-3.44],"4.0833":[-2.93,0,-1.35],"4.2917":[-2.5,0,0],"4.4583":[-1.53,0,0.09],"4.875":[2.17,0,0.02],"5.0417":[2.5,0,0],"5.1667":[1,0,0],"5.4583":[-4.05,0,0],"5.5417":[-5,0,0],"5.625":[-3.88,0,0],"5.9583":[2.5,0,0],"6.0833":[2.14,0,0],"6.25":[0.44,0,0],"6.3333":[0,0,0],"6.4583":[0.8,0,0],"6.5833":[2.21,0,0],"6.6667":[2.5,0,0],"6.75":[2.01,0,0],"6.875":[0.97,0,0],"7.0":[0,0,0]}},"left_arm":{"rotation":{"0.0":[0,0,0],"0.375":[-23.76,0,0],"0.5":[-32.5,0,0],"0.75":[-33.44,0,0],"1.25":[-28.03,0,0],"1.4167":[-27.5,0,0],"1.5":[-29.9,0,0],"1.75":[-36.63,0,0],"1.875":[-37.5,0,0],"2.0417":[-35.13,0,0],"2.5":[-24.4,0,0],"2.75":[-20,0,0],"3.4167":[-19.99,0,0],"4.0417":[-25,0,0],"4.25":[-33.1,0,0],"4.5":[-44.87,0,0],"4.6667":[-50,0,0],"4.9167":[-48.05,0,0],"5.5":[-37.64,0,0],"6.1667":[-22.5,0,0],"6.5833":[-9.36,0,0],"7.0":[0,0,0]}},"lower_left_arm":{"rotation":{"0.0":[0,0,0],"0.375":[-43.97,-12.54,0],"0.5":[-60,-17.5,0],"0.75":[-60.31,-21.44,0],"0.9167":[-55,-22.5,0],"1.25":[-47.38,-22.82,0],"1.4167":[-44.23,-22.69,0],"1.5":[-42.23,-22.62,0],"1.6667":[-40,-22.5,0],"1.75":[-41.8,-22.02,0],"1.875":[-48.84,-21.05,0],"2.0417":[-58.11,-19.69,0],"2.25":[-67.5,-17.5,0],"2.5":[-65.52,-9.84,0],"2.75":[-61.05,-3.71,0],"2.875":[-61.42,-0.94,0],"3.2083":[-81.47,6.27,0],"3.375":[-87.5,7.5,0],"3.5":[-83.86,4.78,0],"4.0417":[-64.78,-8.23,0],"4.375":[-55,-15,0],"4.5":[-58.39,-17.14,0],